LOY_TXN_ID,POS_ORDER_ID,TRANSACTION_TYPE,POINTS,COUPON_ID
2a579d5e55e64b3d8893966253e34714,a9c062fe7d0144958e6c57b53f5364ec,Earn,98,
2f13832a2f7341f49eb220aaffd4c0e4,cf1082bf2a0649b59eac92b64cb9a4e3,Earn,55,
fa8bae39af9d413f847d2b1fb8329cfd,7e7e65faecfa4b53968bfcbf9bb625f1,Earn,30,
034373a76232407cbf236d6c0c47c194,7e7e65faecfa4b53968bfcbf9bb625f1,Redeem,-30,c04dbd484407432b8041679da0d58573
d4ac4782338c40b784d3e689b8e96eae,10732ef636f3430cb72929ef3eabb3de,Earn,145,
17466469d17e434b8f3fe98785e50e64,10732ef636f3430cb72929ef3eabb3de,Redeem,-145,dd8f886408764b00bf36c2cb7f3a6ff4
ec0547579947427b9b8f43f3d368b43e,52ef674fdafd43c2b27a8c8e2acd8ba2,Earn,129,
abab27b4757f4042b25c6348a2988821,00d6ccc254db4e8f8b5bd42ed88b4e82,Earn,94,
aacf9084b3c64934aa697258392aa1dc,00d6ccc254db4e8f8b5bd42ed88b4e82,Redeem,-94,00b081d377f44614b9c159ceffb2d724
20dce133c83c4f83ac790b309e185eaa,52956f0927ee49149b43601bd07ccfb0,Earn,19,
c2a671c4d804440aaf2987ebac53c6a8,dbc18616ddd44bd0abf0dd45c3644265,Earn,21,
825d2a60690f44d88d504d47548ef037,dbc18616ddd44bd0abf0dd45c3644265,Redeem,-21,2e8fcd30ec6e49a4868195f9a3a05e07
d33f599a06d247ab8a056415207f5ba6,6f2de654335f43cc91784817383458ab,Earn,165,
ac587e7db04749f8b3257f1e19ae6d53,6f2de654335f43cc91784817383458ab,Redeem,-165,d2004880e50e4f3cafadc754c182f818
cbc524f0c2bf406194de473809773dce,d06ba3bd88bd43b984feda608f1619bf,Earn,101,
fb0431a1762d4066bf2587872b948070,d602634c5d26498aa80bfc1d749fbc0f,Earn,162,
b760c7fd3895490891fbc6f5f6a1957b,8a3d830f83324f0295b15eadb902972e,Earn,101,
e696a95b3d614fcdb6b35196167d42d0,dc4af7fee3bd4341b74e6249c1ec42f5,Earn,32,
f7c4cbe856f14e6689cfeff49db57083,dc4af7fee3bd4341b74e6249c1ec42f5,Redeem,-32,f5a7784a722c44ca93bfda40bc19c824
08a9ac2e7bfe43b0a885cc00876d979f,4dee5a270e2e46f1a91f574438b7b91c,Earn,9,
503d0e2ffda64947a593860d8d669494,8ee9663217554458af9f3da444aa681e,Earn,50,
27a157aa1b3d42ab842ba5db9e65b170,8ee9663217554458af9f3da444aa681e,Redeem,-50,084341249a1145c8930091c4ef016ab9
e705ec04a01f4dde92d45d56f2917aeb,122a03432fb549a9880ed7cea271cd48,Earn,28,
ee3a2f0ab6b9464a9eee641cf01e5bc1,122a03432fb549a9880ed7cea271cd48,Redeem,-28,0f2e0dfd96454216813efc3747f978d9
761c1266900c4cbb8c1373d1566eaf33,bc6f4eadebfa4695bbb38fd77a9e7708,Earn,156,
6146f7b8bd5242669eb56e9eb0090f01,f2b30756de08460aaa51e1b8fe0bd8b6,Earn,82,
c78e7d7dd213490f87f2c9b00b7d1fed,6d4318279ae44c9197139908c46591ba,Earn,24,
56cb2b97b8aa47de91b62f0d76d79e4e,dc2500a340f94a6fb2d243248d266173,Earn,104,
920d32b384f04e64a7bac3094357f16b,d461acb0f52f4f0f8dc1b1f00e9581a1,Earn,61,
6f073cafe7cb4ed1b5ecfce3a38c6da2,d461acb0f52f4f0f8dc1b1f00e9581a1,Redeem,-61,34dd0ad3fccc4cfb8d36342ea36fc44b
1df248da7cc2416aaf65b8a41077bf1c,ae5b8e0166134634bf3ec590a1d28388,Earn,124,
75891db35eb641088aa8a202c8135ee6,384b426da46f42a2994038be2f584465,Earn,158,
3071f3223900480ca5ef1ab8965ca623,aab3bb3d693f4f7e9f7d5f16630d92fc,Earn,126,
12d505a77efc42cd89d7ffbe5241a654,3fae2a2619be478e8355a25b525230eb,Earn,74,
90846d732f2e4533b48ae295311de1da,3fae2a2619be478e8355a25b525230eb,Redeem,-74,6aeecfc22f544811b019111819d67442
a462c63b0dc645869557bb55afc65581,ae3b41bd8bf84fc99cc8476c1c859d50,Earn,177,
9327246242024dfd9402096e3f34da95,ae3b41bd8bf84fc99cc8476c1c859d50,Redeem,-177,baacba2c3b0344fd83354a1411148072
7d89a2e0406d449cbb776fec1f1a65f2,a91f9f2fedc443da85632e874bcf5bef,Earn,99,
f4bf5ae55c874e8eb5f34ffb2a97d873,1d4d601f6cf4487fb25a39d49697d359,Earn,100,
b587a7f845984dd087398776247239c5,1d4d601f6cf4487fb25a39d49697d359,Redeem,-100,a0f00539f36c4cd5a0d03c98c9e18c97
d79647022d324d1a9850f89982dbbfae,58af5e9c625049afb45249b07d1555e5,Earn,56,
efaaf87362fb4406b08ade53a56aab97,71580d464cfc43edb8a522e88cf470bf,Earn,37,
1c95bb184d484553b8c596d7185d9489,7a3a6122b2c04233bd9b13fcfc7a4cbb,Earn,45,
9da81c5558284fec8bd25a2374ff4e5e,df65ebccafd74d12adbe715246cff545,Earn,108,
2edf9b89c0c74eb09e247f6b4b61604b,ebf3cfc1a8504867bcc03a90d805b5fa,Earn,59,
8079c7c476f8427490680d03ab105ef5,b69b4daa346544ada5b113d0d3637b19,Earn,121,
84600d58c970431c83df7d5d92ea15f4,9e455d5edccb438288f2f48bcf77922a,Earn,102,
d72c9586b2be48baa9709700112fa045,9e455d5edccb438288f2f48bcf77922a,Redeem,-102,591662ddf9bf420d98b51ab49e833857
e1abdb5e61c448d9b768edccc04bc74c,c9163dbb8592469f8c6b5b1add7d7eab,Earn,148,
c569bd6670ce4b9ebde2a260c3834580,c9163dbb8592469f8c6b5b1add7d7eab,Redeem,-148,0e7231fb9d784ec29d873402fa17f221
b3f5ed0701cc4eacbc7afe080b18dc13,521e0edc6a014942a0270b8521b70a4b,Earn,103,
d954da6d28484b6287ddcfabcfab62a0,521e0edc6a014942a0270b8521b70a4b,Redeem,-103,ce08f326ecc241ecade97de2269142f3
016d10430e104d6183bcddb9f781e58e,4d8784dd32f64591bd0006f5de4a1566,Earn,95,
7b2afa9e712f43b88b8f147191e33bf4,dde975d4abfe4bb5a0728709518ba0de,Earn,49,
14760f72f41c4e9e84b637be784c3f5f,dde975d4abfe4bb5a0728709518ba0de,Redeem,-49,63135aa14e2d4a56818303e8b0f2ee49
3bee7c0e8c9b4742864f59cc9516ec51,10047187db3b42afa14744b72c872938,Earn,54,
3824319c00124525a72c8253f44bad6c,22d16d4778d2439d97b228e3e1812794,Earn,127,
361deb1ad5504aa1b1f396d8d7049f37,22d16d4778d2439d97b228e3e1812794,Redeem,-127,fd782683cb0c4dc3908fa7a92351c79e
10387440fe234ef9b48cd63d00c2c6c2,d7a49140c4a94266a41c057348859434,Earn,25,
a2b695f11e4748bb9641e56c2535c464,d7a49140c4a94266a41c057348859434,Redeem,-25,f61bc71ac3fb46ac97e687a0537eeb2b
d5df4e45799e4ab29dc8f2d710017c00,656616e7f4c542c08e88169fe28e4ba9,Earn,100,
addef59909254532b21c99cf9e1b314c,656616e7f4c542c08e88169fe28e4ba9,Redeem,-100,2fc7a7b32bf74ba0a94bc9fc3aad7fe1
b7234bd2647d4e6198c68e254a78d5ab,e4df857df3b34c4e82ff6041980fc6b8,Earn,96,
2c0d7fb4dcf443c9acf0f13f6287230f,e4df857df3b34c4e82ff6041980fc6b8,Redeem,-96,4b1224acacfa4d1c93f5e3834a08d26a
75eac0eaf9a2471e873c9127425c870d,d2d771330d42454fa9a1d53d26b4d1db,Earn,35,
5e27760d80fa4b0cb1378e2ba0539d3e,d2d771330d42454fa9a1d53d26b4d1db,Redeem,-35,07c872d9188e4d808ae918a0c77c22da
f3f1364f7f2445f7ba664fe331afea21,56fcb6ffad2f473d99f35b5742048fea,Earn,156,
cbf4421f1ba34312af4c29c162464a09,d560918aa31a4e2cb16ca0aa70aca273,Earn,108,
d3af4435590f4aef90d1ecfd1fd4a081,d560918aa31a4e2cb16ca0aa70aca273,Redeem,-108,d1ffc27a05174af4b11798b66ff56751
d9a73e6effcd4d0aa2321f2583703c31,a7a624e441b84ee3bd2edc102220f14a,Earn,21,
3417da78d29f4dca8ad157d6b2d4eb04,a7a624e441b84ee3bd2edc102220f14a,Redeem,-21,e82107a024b146298ad82eedb7c98b99
ebd7f6745d6b43f0890bd0ff15fdffcc,6fb38bdd8e6743aea277607a7b8d3d25,Earn,91,
c063edebe38942a385023d8cf211817c,6fb38bdd8e6743aea277607a7b8d3d25,Redeem,-91,31ed17f989974bdb9ab0d0132641d3ec
9f00fcf8cd954234a255264942ebfa88,bce17e6635c140a99202dcd6f2f4cc60,Earn,63,
67ec8f6b065549008048467464ce35e5,702881e48f484bb4b5f354f0e72e4d6d,Earn,83,
4f98fc404b7c4ddaa58517f7e6a906b4,702881e48f484bb4b5f354f0e72e4d6d,Redeem,-83,1f5b60ef7b704379937ef346f50e69e5
14c1332c116b4815a7a2677b8ae10a21,64ef80d25bf74e38a3d55a30ae104749,Earn,31,
f3363593f7fe4ea09ea6d076bdba278c,64ef80d25bf74e38a3d55a30ae104749,Redeem,-31,5e678633aa2541dbb214850b758217f5
152bceb32fc142558db3c381df78e259,e6fad6ed64e54b918d3e6309e3fc0e60,Earn,42,
63c6b67238f24ccd8ca6e1336f0c9425,e6fad6ed64e54b918d3e6309e3fc0e60,Redeem,-42,83f6665ef5b341db9d09294f1581f196
394e4768a9f94397b6b4fcf1c9d76cc7,2a6740a59d2a4e65a06a3c5fff622c88,Earn,81,
12e8484e358a4db396dc942dee526fd5,2a6740a59d2a4e65a06a3c5fff622c88,Redeem,-81,86d45a9d0e6941ecb835142def1e59e7
3201cbdfa2264bacabadff05397702e0,b5fb5dfda63c43c2a6b2e77b8cff9519,Earn,144,
b5cd9cdffdd44bdcb02abbc5d93b793a,b5fb5dfda63c43c2a6b2e77b8cff9519,Redeem,-144,3d6cc0eddd65478c8357a646fb336c75
6869eb6c4eb247dba51a602a094a2230,4714378fbbaa4724a499d67e5505a7f9,Earn,112,
604c26f83548404dacbecba7f26b0cc8,4714378fbbaa4724a499d67e5505a7f9,Redeem,-112,5395c16009a7487dbf7d92a7e177d842
70ca3976b864490b99e8025a33425991,6a04dcdaca25476e8e6811af68f4424f,Earn,96,
20e7029074ff4e78b8b7835120f9be83,247f7f203389455bac5956ea760d9bcd,Earn,104,
08f781f873454020bd75519b10f5f9c6,b57eed5ccb8248cda06281af025d8c9d,Earn,88,
d9e23a3e238a46eeb328a421a3380aa8,3600aeade36d4cc2a2c69233e98f74c0,Earn,144,
398b1f57706b4bf2857c057b35eaecc9,a019c3381de340dab824a25ead3552cd,Earn,102,
cce0e252e580414ab8c25699924db426,a019c3381de340dab824a25ead3552cd,Redeem,-102,9e1c0951c7fe4b5a98bdb16a2a6bb267
9d7e0e13732046579acc620a29ce7036,eec911e5c8eb42afbd7be70569785df4,Earn,32,
76149f07f44c4a9b89a2cb508713a8bb,f3fbca81670e47c9af287d0af2d2f47f,Earn,202,
e481839020c54d91a25170a21e9b5007,5ddac0edd0b24f859d86ff7c4acfb3d0,Earn,11,
0c3025a7faaf4081a4f733095b857949,5ddac0edd0b24f859d86ff7c4acfb3d0,Redeem,-11,c3447ee6a2c84aff849f4c0c1b964afc
c6e916ec2d9640a0af18589d5d69615e,2ab0dc9b4a11436d946552d38fb5e60c,Earn,129,
bf5cf1f2208d4669a0ef1c0ad58023d3,d15e496f6af74dac880b3aa43e202fb3,Earn,49,
c5f0b3e3736c4291817f397ee2d5a2f2,d15e496f6af74dac880b3aa43e202fb3,Redeem,-49,fd870803d2504571b52157f9df2b2d71
563ac8523abb4545891abfb065572713,a1eab020a1744602b1324e1d33e3b3d8,Earn,72,
a9f090ac2ddd4ff7ab885e046b957e9e,a1eab020a1744602b1324e1d33e3b3d8,Redeem,-72,7403f0805514425aa935fc68c77d2b20
e65c0d3708084c15b8290c4ea07d0a66,d7933f11b4e246338e1c7f777da14cfe,Earn,137,
c431edc42ff84c4cb67f7caa794eed1f,d7933f11b4e246338e1c7f777da14cfe,Redeem,-137,3f7c24f8d7144751a66daa9348a0a47b
f2d8569847e94f8995d534555958fe16,bb6097dd89404935963dc0fd027d0eb2,Earn,44,
f15a66f16ca84b5daded52b952dab9c8,bb6097dd89404935963dc0fd027d0eb2,Redeem,-44,80066a1033674f88b88f7105606b3694
325a33624a8d40f5ac640ea3d345b7b1,c119806c44da4ce19dd3f0e764347587,Earn,21,
22c4d93991fa4f81bda3b3ea7b7047fb,c119806c44da4ce19dd3f0e764347587,Redeem,-21,2b9fcdc336614cfe88d68b4f87d81c3e
2d6cbeb539a24a4ca064ce09dde09d8e,ef40ccb0632b463eae9c5684e893cf47,Earn,10,
581ad2b822074b57b6d847d0cd9be92c,ef40ccb0632b463eae9c5684e893cf47,Redeem,-10,61ace03e5b8b41bf8532b8f98d55b20c
eceac8d8b36c4cad91f7f7b31b79cf92,7e6542a743484d2eb504dbfef059089f,Earn,132,
4db21eae745146cb8af2d547028810c9,7e6542a743484d2eb504dbfef059089f,Redeem,-132,8d5fcdbaac4740a3b6019f317482a7d3
afe9c4b94595495fa385afd5b0f257aa,6a326cb1814b4e3cba715337df1efd85,Earn,89,
506826b608b24bf38aed66cc0d324931,6a326cb1814b4e3cba715337df1efd85,Redeem,-89,2437ad6fa95e4a4cb5844aade5350d59
c6d06829bfbd419c9cd7c52a5329d65b,444435b169a64860b7be044134b5cb13,Earn,164,
94bad51c015a46de9e14975ea9658007,444435b169a64860b7be044134b5cb13,Redeem,-164,b65aa3a827fd4dd9a3f83e81498240d9
7b211d844e0b444c9a9b08e2d290cabd,36724b9b336f4d4fbe20b16b45006980,Earn,104,
1ffff5f076f04bac9032f00d14d96ecc,c832238f14a147d0b4494693fafcb14f,Earn,44,
86bec4040c824fd691a491a1837448a4,c832238f14a147d0b4494693fafcb14f,Redeem,-44,221014865cca41ae847cdb4147f13ccb
c745055c8e184572bf5291767bbd5bef,744f5a5e49b647a59e5e6d8edb6990c4,Earn,85,
28449a1aedb74c6e8916ed2cda958452,06d07a68e26d4d8285d9401e9741915b,Earn,79,
356a26a5c0af4e27b4cf085055c43066,60f9a0c5313b4db3a3d534b7dba973fc,Earn,104,
ae07c242d5b047e38426b195804a96ce,27874c6361c7443c86575c54d9f57cc1,Earn,41,
83e0c1f7601e4df3b86ad3578359e1b2,8b22e7570529492a91f469f2c8b6fdff,Earn,132,
a0ad178552914a2fbdef8431a973eb7d,77418bfbd00f44a3bdfa6294d9020c73,Earn,141,
c2f62dd244ee4c9b87699a6a1ed13c66,77418bfbd00f44a3bdfa6294d9020c73,Redeem,-141,f9e07a8f78a94d8b9ac23c06905bc848
f9d2978b9c304f14b39f3f23055eac5e,361026344401416493b91437365f3468,Earn,39,
3b6f11e6fbbb47699cf0cb1df0635f80,612890aa2f8448e7ab067978923a14af,Earn,79,
5dc0bc22bcf94910bd7509ad9e199449,26cdda8bcca5459f9180fadedc4708b7,Earn,24,
05da3659284b4befa00a946dbbbe336d,5081dc121887478cad23d50b6ab60234,Earn,60,
33fe93b1824d4a3890f1b12c7244d6ff,6260f54b21944c8ea7982473633f81fc,Earn,156,
b081166cd9a34693aca80d219f8f3baa,6260f54b21944c8ea7982473633f81fc,Redeem,-156,3977a91f937e4974ba2bedaa9ae6024a
27839f82d81a4dab9c08f6613ee359c0,b92ea56db93446cf9fec883e101b2051,Earn,156,
4e67c4cedd1948fd99394784351db8aa,b92ea56db93446cf9fec883e101b2051,Redeem,-156,e23ec5f10dd34c06b4a431343d373ba4
19bf4683bab844b7975a1d1a52075760,52b9ec4fab044c8fb22bbe5509e1e81e,Earn,19,
24d97d102a684af9b8faa5e048afe39c,52b9ec4fab044c8fb22bbe5509e1e81e,Redeem,-19,da041b335d6b4931992be8afd9e88d17
af7e04b9358b40e59e0acc3d06b8d907,b41ec39f44df498187b17f344e4e1cf3,Earn,14,
9c961ed709954ef69e32ecd6ba15357f,b41ec39f44df498187b17f344e4e1cf3,Redeem,-14,8067ebe8d764497a8ab53b59ee105bb0
052e69ed7f3a4ad8a6924a4e514881a2,0f04748f832841a2bef47794dd7c0257,Earn,120,
db9016098daf4f62a147db9cea8d10b1,212e9187300d4fcb8ee5e0ca325a73a7,Earn,79,
b71ee9f5f21e4f7ba650912c41ff6bf7,212e9187300d4fcb8ee5e0ca325a73a7,Redeem,-79,c3022a06a51d4e03915c30fe05a9ff0e
7775c8b3bb3d46d5abe44eecc2dd9eba,029a5d229fa84506ab1a6c48f035acdb,Earn,112,
fb4cbde6ea214403900bba8f1e1e6696,029a5d229fa84506ab1a6c48f035acdb,Redeem,-112,6ef8eb163ff84dbe95801a67b22c8c77
6f452db7629f40238b666e78b00ec83b,10627942501c44ac9e7733fc051e679e,Earn,35,
c1cf15172b5149d284b460d9ce5de5b8,10627942501c44ac9e7733fc051e679e,Redeem,-35,03b92bda82bc436bbbce1b3786dd9145
ef1deb54043745ac9293b74444845ea1,957493700349483982d28723b5eea602,Earn,106,
97662d70a65849399d05eb9a05b43503,957493700349483982d28723b5eea602,Redeem,-106,a0468a13a59f48738cde600d5cc60f4b
af503d4f30c84d998aea170d6e7fd597,bab853803bc648789449dc9734abc91a,Earn,46,
72840373067b44bc85817cbd993ca905,bab853803bc648789449dc9734abc91a,Redeem,-46,27084a0c0b3549759f9b6460f0187724
0dca739181a94222ae53ac0a662cedfd,a1d1f19bece545eaab92b1f0f9712a5f,Earn,129,
2b75673a64f74bef9407324f0df9c233,a1d1f19bece545eaab92b1f0f9712a5f,Redeem,-129,b67f7a661fb1466398cdb14ce060a4f6
584df8155e5346c8abfda8f2f85b1ccd,eef269af4dec4576a93641b769502825,Earn,130,
e1e3efaf0c654f4a931fd0ef4c0607ae,80d38fa64f9c4b1da00da47a7071cb3c,Earn,28,
60389e87deec44c18489604f16d7d26c,d72200d33d044791941539aa9c1457f9,Earn,75,
bf71e61b3bf8474da1b5d12ec5d33c3f,d72200d33d044791941539aa9c1457f9,Redeem,-75,9918e8da3ded4046b19494a2abeef40e
9b9a2608c0ee456a8905a31f069f7080,d6a82b2da6f74661bc60e46ade697d88,Earn,141,
7aa3895db9d74fa6a62e2308f696e0cf,4e3af01a795a4422bd1bb1db95fa739f,Earn,72,
1738c809edc04a9891b68b5377dcbc45,1b716ea1c97b4072b8617d6850c49867,Earn,78,
887f7a325fb64a7f93d99ae2468a1c11,b3e6c1799d1c44ec90485c10f40262cf,Earn,149,
6c30e6def46f44629c7fc2642e8ce956,d92667697b9a43c69c61e2ae762ca37b,Earn,118,
9f2d672575924cb5a8ce0ad9b86c437b,d92667697b9a43c69c61e2ae762ca37b,Redeem,-118,b4529d1d62de4ac7a749eb30761593a3
826d4c2a8c614ebc9625b0711972bf10,4aee5d08af1546e6ad5492a988d1110a,Earn,101,
a448ac8e6dd045968ccf3b264cb33545,833359c7dcaf4d0d92e4c16cde0d5dc3,Earn,86,
4fa2184cb2a04282a02b97e0971dff9a,833359c7dcaf4d0d92e4c16cde0d5dc3,Redeem,-86,64e54c600bb4457fb93296c8f1469dc6
e814f882a8fe4c2589c5d9be201d49b5,98e17948038f4811a5d8521be982ef4a,Earn,108,
4e90e6b367234cf69e903e0eb9fd23e6,d2106d2d4a5841b2aba0f027a2e6c753,Earn,34,
10af79f0d908450e939a641556dcc17d,d2106d2d4a5841b2aba0f027a2e6c753,Redeem,-34,b7d5be86748a4a8092dec2de654c0d1c
fb9f5d3f3bad48f1a4c5ffc6d86b0f8b,8629bdd7e55b4e8fb2d03bd9cd4b1e14,Earn,48,
57bc15f7c6524886abda655eb460159e,14b063890d67415a8af2a41b1748c4cb,Earn,75,
b2cebe9dc5b24f89a6c2459286c86d6c,e33e1fd934414e1a8a97fbd105250813,Earn,40,
80b15471078d409391fbaa2acb669d52,e33e1fd934414e1a8a97fbd105250813,Redeem,-40,131c4442c132423381842864ee0ab000
513319ebbfd34e28b864f5d35e48dd05,28998404166048c4bb250961ada37889,Earn,106,
3e0cb03fedb0430d84539b0fe176234d,28998404166048c4bb250961ada37889,Redeem,-106,150dffc1758946e0874544a31c85ef6f
c25e10074ea44b65824862d33ea63d07,8511788aba3447a9abafd7a76e36881e,Earn,105,
940113f3d897415c88bf8186c18fd0fa,8511788aba3447a9abafd7a76e36881e,Redeem,-105,fd90c6b654fc40c1bdc228507c54cca4
4103b621dcc44ab7bf514ae538d7f6f7,2b3f9aff50ca4e228cd5613d050474e6,Earn,151,
4741814485ba4e1397d8b49d28335e56,caba0a6c42c7457ab79c6dc0a15b5659,Earn,86,
e764fc454ba840189081fe96041e9748,249bfd28faa04e07b14b0f1938f96304,Earn,10,
cfe3bfc1fc3145eeafe79cc626538e68,249bfd28faa04e07b14b0f1938f96304,Redeem,-10,dee64aa7fcb14d42b4c6196ff01df20e
cab1771dc9d14063a6f2369ceb778561,9b7f1baeafb64b3a9dd8cf7ed71fb3f1,Earn,166,
c42e8461b073491484fa4f8930575ec0,ab794d040679412d98bd83484141c5e2,Earn,31,
5d4824e48b6f4ca8acf47af2fb635529,616caf7376d242bc818afda7613e1be3,Earn,111,
1578b1fec4044881b2c825e77659fa20,daef6565bbc543f09a29b3633a897bc8,Earn,105,
9afc06dede4748d7a323385b6c8dd49f,577ede7970da472cabe0e973a4d16d33,Earn,61,
a73d4d9c1911423b9457d24d621f2258,85de75fc96ed4209a119e65abe36849f,Earn,76,
55a68bcdc702487f852f48b1185008c5,85de75fc96ed4209a119e65abe36849f,Redeem,-76,873050453f02443a86155d6557b10083
d3073fa66ddc490cb9fe1f2e0a47f2e2,c7d5cfaa5e3f45238556b0dc03abbf73,Earn,126,
08c513e878c84395964a0a74add798af,bd42269d9eef4bac8e2e9012774733c5,Earn,70,
76f905d1b7e54bd1b214b6754fedddcb,1f44495a883e4ef68603e21dce23e912,Earn,69,
8cb0b1543f6247f08f24f365a2c33112,2753e71ceb204e669a52e7975c28e4e8,Earn,23,
fffd1dd340e14d26b012959d2de0a300,a0fee7e7441b407e9fb65fdd0a01e3d5,Earn,72,
c03ca0accb614914b0dbb97807baac85,5a25a874bdf1410682b63d96395791bb,Earn,106,
f1c249c3b769403e8cc639064701deec,0b545b2b694643348aa806dbf4211290,Earn,43,
f62a5b0c9a414c2ba29866c12249032d,0b545b2b694643348aa806dbf4211290,Redeem,-43,c5ff88bf5d814f7e9f6694be0fbcdcc3
ad65e23e8d9249959bd21d5249f251de,6cc8eec6362d4d749ccccf171619620e,Earn,63,
d02584a2e5cb490b945ee02385db928c,6cc8eec6362d4d749ccccf171619620e,Redeem,-63,63895ed3b6c14a06b7162bad948b856e
ab939ff723fe4d1d96a5c65647f098eb,ee60777c80454c1e8d70af29ae082b1f,Earn,68,
963d832d14f4439aa14b83632ac0b095,ee60777c80454c1e8d70af29ae082b1f,Redeem,-68,79e8177318284554a23c0597a57e17ff
ca81d0e6a87f4b09967223243f1bb9eb,ca1a0268e985417fa0a8f1b5fb0ffc37,Earn,119,
3ee259a207204aab9392b34edaa26392,06b234e645894d23ab7ef7d6f0dfd4f3,Earn,142,
7e4a516817c04f3a8d3555d3f0ff0a2e,3d10849c34aa4b40b00c7d6dd654df5b,Earn,42,
af375c1b8a9846cba6a95a34a6052ab3,3d10849c34aa4b40b00c7d6dd654df5b,Redeem,-42,8cf9b76a15a34347a6a14f3ff0e999df
b42da8a4fba248668fe4735df5a6e915,8fdb992f5dde42e4bb32681329c12085,Earn,124,
a45f259e562349b497cc747968620c78,bff2f589dbd04923b8c1a11485a84c38,Earn,89,
cfe55f6713b14398a0f855481ccb91cd,bff2f589dbd04923b8c1a11485a84c38,Redeem,-89,ad336691f8f44e9fb8aae9c857803fce
226b82a712664735979513905ee6d361,05e691fa3efa40a2a64c511f042b38d2,Earn,114,
ab5a4c47ff274d92a29a4c4a9507c559,05e691fa3efa40a2a64c511f042b38d2,Redeem,-114,b46b431288ff48ae9a2b136e9e41ab23
8b0b27beeea044ef8a2542b2545de74f,3a21650e17aa44f9be27ee075ddc79b0,Earn,42,
f4fce60d31ec4f88a38eb501414bbfcc,32f0854b32ad4c8eab9831817f1c4fe7,Earn,137,
17628916e1634f26aa0ee00fb6ed39c4,32f0854b32ad4c8eab9831817f1c4fe7,Redeem,-137,5466bcc620b1447088f85ca201a2d3ea
ee6c2f76007141e38cccc700898f11db,d321199758d84f9a8b889b1043795fcd,Earn,91,
f68f76e61e954a89a7cce7b49b7f8c29,5c27f89d25244dbd8bf0ef8eefa7f0c9,Earn,39,
a298e06197c7416a8e6ec61655cbcf64,5c27f89d25244dbd8bf0ef8eefa7f0c9,Redeem,-39,505615f4670d41379fecd03902c6143a
1da3831bad7647faa396159a8a9efcc3,2767f461bafe42a3959681112ae93e8b,Earn,124,
6945cfb49875431ab3365724dbac2916,2aae7f7fc05f4f3ebab41a385610c386,Earn,98,
184686bfd5314a4aa9d0cd8ee62a81e1,50168f4ded954399abc4e94a77807ca5,Earn,57,
136d0cef6f5941e8bf7b793f92a5f90a,50168f4ded954399abc4e94a77807ca5,Redeem,-57,1e23c136e76e46aa9cea8a1b7f5dd0b3
533aa8cf4cb5488893b5f1e4d63094ee,34127434f87d42e6bda5f5511759a7e1,Earn,101,
ae184987770e47f6b8934c23e391db2f,34127434f87d42e6bda5f5511759a7e1,Redeem,-101,3730939a7e814362a1f473e9fb57a993
993431155a8141cb94966e6b9219d106,3eb9bfb68eab467e8bbf8780bc5f9767,Earn,90,
3fa203b2b9a844079cb44f0f0c6ea208,3eb9bfb68eab467e8bbf8780bc5f9767,Redeem,-90,df9d60b916474457b716f603df19929d
384af100bf57484aa69608791a2facc3,d6b02d0e985c4b42bf1f2dc2413f3164,Earn,144,
add6fe44475643c1abce9a4f5d1e6f36,0478e3d5926149c793983f2a248db00f,Earn,109,
a38646fcd5e04412b87be22816e99ab8,0478e3d5926149c793983f2a248db00f,Redeem,-109,466fb4ab19bf4f2ab417b2a0ddc6d341
03704daa38b64e5a8077316674208b6f,f0da6eb35a05414aadbe49b84b8c2465,Earn,116,
0f619308dfae4004b9d160e0185986d7,b22875ae029d422fbc5dbe4a07707d19,Earn,24,
90b24fc4dcb04378b2a94605fc4afa8d,a834d9594ba141428637bde03c8f4074,Earn,46,
76e9c2476cb34e9aa704afa4e4431d0d,a834d9594ba141428637bde03c8f4074,Redeem,-46,8b155cc29e4c4df0a61163e00a1372ff
da7513bb677940d698017a2fae2e3558,750cd0fc1a494800bd88938a770bf4ad,Earn,59,
2cbb5c22c27f4dc8a71799b4e092b8e4,2675218a1fa244a5a6863c3f970de2e7,Earn,78,
d44038f6219143b5b5043c72f97e7a41,39d094b2571a452ab50c7eaddfb50fd6,Earn,36,
2878d6ca9bd247af922922d03379ed6a,6e3dae39da16484cacf1ccaf812a27e1,Earn,41,
a38a414dcf0b4277a19ef535fe59d2b0,6e3dae39da16484cacf1ccaf812a27e1,Redeem,-41,1b21dba9d4314ca99daf7968d52dcfc5
a1b8e0aeb41849b280fe9a4031feba3c,082f0d9cce3842a7bd0b620183d121bd,Earn,157,
faccb8d0f150428cb0ec1552fbd22760,082f0d9cce3842a7bd0b620183d121bd,Redeem,-157,732ac5cf05984e3ca1d687cffee9cdeb
29a3899af32640d6b21c458f8e502ead,9b47f81049144ec88ec03b3ed4115965,Earn,125,
596657552a1f4d789ee465a5ff321d9c,9b47f81049144ec88ec03b3ed4115965,Redeem,-125,cae815ddce784e33bf537510746ac651
6d6090a78a614fa4b73fd3e354eafb13,6fae62bc15c54860bbdbc733bbb199ea,Earn,27,
f81d7a182f784a69a498af288a8cc330,6fae62bc15c54860bbdbc733bbb199ea,Redeem,-27,22aff856200b4210ae5ef3344a5aaf65
79857da07c984448a358134883600ca5,f2b5973fa00e437ca2831df259f6493c,Earn,39,
d4f5b174525b4db2bce726ceb8e75b64,4f88e99b1698427787106bef46640619,Earn,141,
a2216a01cdae43f4bbdaa862f90f7bba,041c461e657e4de6904a15374086d6de,Earn,158,
b74f07aef34f4efbb5f24842760f7aab,42f5022719834f9896b23b68941fe1aa,Earn,134,
4c49adf7d6a34a2295cb07d4b0f5aad9,148d91df562540a9a002d1ac21a5d363,Earn,112,
0b045e5152ad4f648091cbf8eb15c8fa,148d91df562540a9a002d1ac21a5d363,Redeem,-112,77b8922a5ae34ea098ec4784b79201ba
69f20a04570244f1abab794cabdcae25,b031a329ce0a4ee6a515eab49fef4191,Earn,157,
eace3d629b094052bb1051ac9273983f,b031a329ce0a4ee6a515eab49fef4191,Redeem,-157,6b662244bca346a5bf359e25ee722631
f2e52b3c5ca74f0386bc8fe5d01aa5c7,cd09a9debcee49ebb2fdcef0e15acbd4,Earn,102,
d27ae5a6739a411b9c75530b731ba057,cd09a9debcee49ebb2fdcef0e15acbd4,Redeem,-102,ec0129e757f74b59a4bb277d6300fb65
51c3891c45244931b340369eac689c4b,14e66e7d9fdf4989b2e95df8bc56e32f,Earn,20,
9f62a92545804ce78f3e37109524ddee,14e66e7d9fdf4989b2e95df8bc56e32f,Redeem,-20,a1dfd7fb9f8a4d2a8fcd0a4a0e09cd92
d5d530df64a84721b59c7dfb409395e4,97834167df334fb0a1decf2ce9907733,Earn,65,
ab1f010a10fa411daf0853cc4ecf91e8,97834167df334fb0a1decf2ce9907733,Redeem,-65,1c68a56bb1d9470597d01d468d42ad6a
56d1d9f626fc41ccac711bf1719319a0,512fc0b37d7a4a2b9460f872a44f1bed,Earn,24,
a5b778c9fa7f4627bf35b9b069af148f,131c47228fc04ad3b88f435cdfe503fc,Earn,126,
4ab84226370c4705a49827e2fd0ea3e9,c81d1db74cc9412c8417a2a3675141f6,Earn,162,
c41a58f481174da0ad5657d6235fe214,c81d1db74cc9412c8417a2a3675141f6,Redeem,-162,145189580f6f469cb04d2b7c82e84ee0
6ae60f66dec342d1a31ff7ee14782866,0c5e4b8dd732486ab652afa5f5852901,Earn,61,
e4ea762ab88447c3839002f2fbbc5409,138730f161474c859cf91b38135fc4df,Earn,117,
81fd3046f46d4ce4898dd3923da416f2,138730f161474c859cf91b38135fc4df,Redeem,-117,c49908ec9aad4beca9fc1be99edaa216
a0fc08b6009e484f81b113f5c62a983b,4835b38d50124e9d8759223d21bda64b,Earn,19,
d026666749734f9eb0caea9ce0942272,aa940ea80ca84656a4692b9dd0081912,Earn,140,
86b918b5ce3c40099d9927608cdb9b79,57f8995757724849b576664c9d225fdb,Earn,167,
6b7b6289474e48ef85203239416c6373,57f8995757724849b576664c9d225fdb,Redeem,-167,ad827b081e4a48948c1f712d1537f237
92bd5257b0a049909887f5980311646c,27d0e30aeb644c12a3c7f5dd17928b24,Earn,60,
2423ef4a44c94916b7facb4d7de0ce96,27d0e30aeb644c12a3c7f5dd17928b24,Redeem,-60,a92bc02f4aeb4898910656da1cfc649c
e4a60ce8a514468bb5d7f5dabfc1ab7c,3865376ee511471a9f61188c662f15a4,Earn,65,
4e1e0616594440a180a5339720e3593e,78722bbe1e59424393086df714feb733,Earn,161,
331b7a441f694210b268d6b4fbe9c6ce,78722bbe1e59424393086df714feb733,Redeem,-161,cb9163ab324e4c6c94a29d18103fda05
f53190e0f16c4bb8a3ebce93244fa24e,c6e4620d7f324a798ca46ca67e8452db,Earn,78,
ac3f91d7277e47518bacb0f41e3f1872,c6e4620d7f324a798ca46ca67e8452db,Redeem,-78,61491d8b047d4835ba63f069cae3c490
da55140c50be44198e599de73dd569df,2dfe3fe3b4de4453806cc193faff5c66,Earn,111,
df20886acc084b24ae42b38c06c17156,37bb17d6b29348378e5c1d0ebebc91b2,Earn,66,
5b7c0ed5e02f41499b8176b1a6fa6b02,541e6ee24bd94e9e9cfdfcff335ae969,Earn,75,
f5e3996f5aaa4e96b53791dfb30c6ddd,293090bbd4ea4704802eb17e39e0b720,Earn,89,
8e8de2cf41154cc3998da8a38fd3be4d,0037de02b18946b19cb856fda135be6c,Earn,16,
c0295f5521514ad4b63450f51fa94b59,0037de02b18946b19cb856fda135be6c,Redeem,-16,7be8e32a92fb449a9096c8f575498479
247116dca16441939bcc019eb17ab1b3,a46179a932654343883cbaa4f7d9c3e8,Earn,56,
e1ec9165a7ce4258b192209631725193,a46179a932654343883cbaa4f7d9c3e8,Redeem,-56,a107e1c0737042179ce9fc760e3b676f
fa2927dce5104f4aabff3fdea74daf2a,28f7b25981db4591a2e0783d74dfd59b,Earn,184,
62884a24f1bc455984b52034cb9da71c,28f7b25981db4591a2e0783d74dfd59b,Redeem,-184,418c5f192ae84b119d54cf16605df165
eaca0976e9184089b8fab416e39719da,3d598ede0b074dca8a2e21d2b34d9876,Earn,131,
0cde3562a27844e29881fbcee1aabdd8,3d598ede0b074dca8a2e21d2b34d9876,Redeem,-131,7ab5c401e92c4b7994acc788ad5d9fd5
a838956e55394eb8977b389d0b857b00,5f1d97022efc4f3ba5c4f14701ff0aae,Earn,137,
3897a3e26e3747ef92ada71998ec2ba3,5f1d97022efc4f3ba5c4f14701ff0aae,Redeem,-137,ae33b016e3a24d10961954c8879d283c
e6add8f7f61842abb174d3479dd92042,75ed1e9dc2374179964f1b55f0efef87,Earn,76,
6c634fce050b427b910f98b1e8570dc7,75ed1e9dc2374179964f1b55f0efef87,Redeem,-76,8862da5d10644b12ad6d0a6ae7535543
8b5634aa10004116bf721eb501018bc1,01e0a283df784fb0a977985ce845b2d8,Earn,122,
6fbab223a1f0459291475f328f21541d,ba45357aac9843bf8eb67c9318c54d00,Earn,85,
e2d3ab516d094c02a8ff151c223f7044,de0fa82ed8b842cca9dd97c47d47ae99,Earn,84,
30fcf872191443e2a6ae405fa6734abb,ee19192c79b64799aa7aaa9d4179a593,Earn,23,
3290ab2c8c4342258e0826d9822e83ef,f18484f2048141f1a1948d7796d33938,Earn,120,
8d73fe63c8dc40d6a4ae10ab098a904b,41ae9610d4a040588292888f8753096d,Earn,121,
e0718f6bc6e74bb38c4f9351f6470aad,41ae9610d4a040588292888f8753096d,Redeem,-121,0a93d66301724352899651108a07704a
1322c0e4cdc9480ea704f887e9c615c9,866e71d834d04949a418612383036a8f,Earn,104,
ac34ba84370945a581da2a2307697dd1,866e71d834d04949a418612383036a8f,Redeem,-104,225601b21cae49b0afcb3c641d17862b
4680c59cc3154ac59e1b9e07f229b428,26845731e1b94df29bd602a36a5a2e76,Earn,92,
d7dc277d60d84bcc8672f303c0d2e947,a2cd453bc4ee49cbbb56c1abadac9be9,Earn,55,
d62cf82454e74776bcd225d1c2b40935,41707e7fd5fd44008ffaafd15a3ca7f2,Earn,32,
9f4685fbc6b14385a52bdf9992e0f621,2c0a402c76d54b9e8589ac5bd8850454,Earn,131,
a3e359144f784a53a0a4fb73f59d22f7,b0e7006faa804cc8b1b0cf0ff8b97791,Earn,124,
c758ea6096834fd7b4d80d665599a6e6,af1b4fb36e53475ea11118bae9e57255,Earn,8,
43bfc8a3bcbd48ed95067bd4340d33fa,af1b4fb36e53475ea11118bae9e57255,Redeem,-8,5149300574f4413c87d51948f1357914
a6cb2e838d764b45959a5ef141f58e80,c04da1f977d44b659cffd86b8bc557c4,Earn,200,
436b435e19bd44b280d39d444aff582d,c04da1f977d44b659cffd86b8bc557c4,Redeem,-200,ffac97989e54467f879c2a1a3e0f0f76
62757650b0de40b584a6c6e2a6ff85fe,0e9d18461298403f96a96eaaa5c597aa,Earn,46,
4b1a65ae1c23432eb95717db8411d399,0e9d18461298403f96a96eaaa5c597aa,Redeem,-46,9504aa7150a64cafbc077652be08591f
238784797c604487a3c168ae68441bf2,ee8af7ffb4ed478b93fe54c84b9a4671,Earn,51,
34c64c4f59fa480ea7b785275411fbca,2905d02553984fab8b4b293609fe9b48,Earn,107,
7f5fd9f42bab4732ba4f1be2fd1e6b93,2905d02553984fab8b4b293609fe9b48,Redeem,-107,842db6ddfd764225a317b9a18001d345
7f800b65b86745588bcd88879b2f35e7,7a0dd4835dbb4b08a9892e314c97f303,Earn,99,
d3c152a2dc754b2a94932e7804ca997e,7a0dd4835dbb4b08a9892e314c97f303,Redeem,-99,ab27b27f09f04eda8569696ca7993df1
46ce474a855f4c6b8bd8c1b461b7e2bb,9f2b5d6af4c74ca9a89080046d4bb02f,Earn,96,
a5adb0193b884491af095ba65f0113bf,9f2b5d6af4c74ca9a89080046d4bb02f,Redeem,-96,f27491317a464457a342cd9898656701
d8b5de5b2dc549fa839c280980b884b5,0c85cc33aa2f4be5b3886dec709359be,Earn,144,
19b7d8f1959444e5b1254959197ea29b,dd79595424744686955372c9620548a5,Earn,129,
34410b565c3a4fb183196a00cc5c697d,dd79595424744686955372c9620548a5,Redeem,-129,1cf287aff85645cbaa1070d8557f2b05
e49ba5648ae5466981c8d9814e5c4cc6,2ab5546883794095b2e96d5086628748,Earn,154,
03742e59d478458081e361afd247e6a1,d2d4cf539b0e4a0d99bc1740cec5ccb3,Earn,146,
33a28fa9ed6d426b9daea3ce88048c43,2fc8a726cba24f6c98fc85b4881054ad,Earn,173,
2bcfab41149f4249b0d49b13284f101c,2fc8a726cba24f6c98fc85b4881054ad,Redeem,-173,7a11a3e71c304cda94ce9dbb879c9fee
559ffbaef48f472d8fc52bb7f4f85126,2061c77043f8410bbbc7f68d1cc9575f,Earn,119,
08b4410c11d14cf490f9a4c54804a5d0,753e4ecc416d4aa68645949d182682d7,Earn,23,
df46996bdda84d0d81222b6209e7775b,303f60286daf4e2c83157268bd1c7143,Earn,19,
a5eef773f8c3419c8e782f2e248d68c9,08e14bb1d79e4613a95cf1c9ad3ffc64,Earn,174,
8b0dce00efb84ff485b264169356cf9a,252b902432284f7e878562a87a05b716,Earn,131,
ecefb24d69924b4f89d8294bef26ac2b,9fd201ca7dcb4bc7a5b61921c7f98633,Earn,29,
fa5025f5918642c1a94f50d0206f17dd,9fd201ca7dcb4bc7a5b61921c7f98633,Redeem,-29,1ca28898b39c4f8382b50a86e5b8987e
af1afea16a324806b2d364da215c2c90,fc612329aa2944149189a6f586909939,Earn,103,
bc6c5196e4354af68c1abbd23d4fae66,fc612329aa2944149189a6f586909939,Redeem,-103,26aff70e8c514915abb41081cbb27e8b
f9d841bbe5c9481bb6e01645b7413977,cad9055fc74b4f22ba42f66b80cc4a1f,Earn,60,
9404ebcc89f445dcb433c118a6dba08c,cad9055fc74b4f22ba42f66b80cc4a1f,Redeem,-60,1597f97f21b843f0867118d174ab855a
0d1a39b98c53408199d5a77802736152,d60f375578214b56a4507a80f9426eca,Earn,110,
ed1775aa188f45969baff3b25ea4f346,d8189d7ee28c4b3d885f4bd1f6cdbbd7,Earn,96,
99d42bae42e841d7a6ea6c1c00bc341e,d8189d7ee28c4b3d885f4bd1f6cdbbd7,Redeem,-96,aa4f9f93ab8e4d95b0c17d278f685952
386233fbbf7c4e05845e9047a29ad91f,f72419484ecf4f87b83e886fa37dea41,Earn,20,
fe19d10dca984d8ba212f93c67eec99a,0bb5feaa24b843efa8c950011dac21f7,Earn,44,
d81b85881ec647a682776a4750b059be,0bb5feaa24b843efa8c950011dac21f7,Redeem,-44,3e76e8df9a6d43a68d0b7d5e024757af
02b6e2eacba84255b403ad20807c1aab,52f4074743434371a962efdae5ff800b,Earn,73,
1723d84c859d4e25a5979ee370bcccc1,52f4074743434371a962efdae5ff800b,Redeem,-73,beca7aa8006f4b98acad11357a29e26a
1a86a31f8f6b430d91bd5f2749d38fce,894fc0b53b7348a19e4daa4c7e3c7d4c,Earn,124,
39c0fda9af4749e2a65df58fa8caa264,894fc0b53b7348a19e4daa4c7e3c7d4c,Redeem,-124,26d3e55722c04d6aa5015c40c5e4ea79
38898e440a6347d89b5f90509205c3ee,e2f1499d5efa4ae3b7182449d505a757,Earn,50,
db81759e7e6345ed8c36ac2a3b03e398,b59095bc377f430eba557028ed10d78b,Earn,154,
2a8a0b6235c7437998103416464a16f6,53fe0fde7bbd4f98bb26a60d8a465430,Earn,33,
6c6b5b2db0804e999f78bd8cd190c67d,53fe0fde7bbd4f98bb26a60d8a465430,Redeem,-33,3d11ada9c7254116a77214f675ba40a5
8dbaabfd40c04f2dbb1c355de175de49,8cadfd8f899d442fb3b8360072878736,Earn,33,
3fe75ca387134018b85110c957140910,8cadfd8f899d442fb3b8360072878736,Redeem,-33,7fcd0df1d41146d28e26403a66448f0c
77312dfd9d7e48d9b615ae2ae7a1fa5d,bd08fa6bf22a41a2ae89ba01634fa630,Earn,31,
31987ba23e214f50a59a611b2a82cb42,bd08fa6bf22a41a2ae89ba01634fa630,Redeem,-31,0a9953b60be54792b973bd1207a8f924
a37e028b2453462c8c37fbfc75c896b1,ea50572b1c9c45d6aed2196ca59aa0f5,Earn,40,
bea649440ab0423e9ae392bd3b9aba44,ea50572b1c9c45d6aed2196ca59aa0f5,Redeem,-40,200c32599f6b485e910080ab04e1fb0a
9c26db5ecba1490eb42a16e6ebeb3fc1,dfab9d0cf9fc4f7c9a837dc4b22026dd,Earn,81,
7c0cccab81dd42a8858c0d291b5d3dec,0e85c18a5771428894d5ba19a035243e,Earn,65,
8196ad7bd45a45f98dd167e7edc204c4,0e85c18a5771428894d5ba19a035243e,Redeem,-65,e8b19c102be84318bf38cfbfee80913b
f8adbaaa8ad9450ab6f78c08f2b2bdc6,e154c20cfabc4f2dbd22642130636380,Earn,129,
8213cb4a8caf499ab89f3498f8da8309,8e0c7c01dfe84530ac583a6acbfe6546,Earn,184,
480a9612a3cf435e974e3f0c7e4e8635,8ee8235b7de94c3987598775ee79655d,Earn,74,
117866524d0447b1ab047c522267550f,843253b9556748f5a5c2160a70638ccd,Earn,154,
80a9e70af4de47e4931b9c46cbea1bb3,fe9d2bbb1c284178952abb2393ed77ce,Earn,153,
0c2225f0c2d6492db5009a01e3264299,fe9d2bbb1c284178952abb2393ed77ce,Redeem,-153,0b694adffb084a0a85b4cc1da61f0576
5fb605bd06094261a319f5b119b9063f,f7238556c8e446e1946b29e2018fbbed,Earn,79,
b18f34102b7d4c13985a53bdc4bb8dcc,566de6c567be4a0eab9cb0006ec1675a,Earn,114,
88604e4da0b3424eb14b7c4e75181de8,f16a924ee29549c6ab1680028b768aa4,Earn,113,
90519a7e95d74e15a4ce49e220dea667,435389264a2b4a39930a8736b762b558,Earn,36,
9d5fd6c04bce4cfea7980cf565683afb,435389264a2b4a39930a8736b762b558,Redeem,-36,d90316dfb0a241359c7463c02e10599e
d82d3e1a217047c5967ac3b15e7807d8,12c330abac0546a098fc0d1d43fc7480,Earn,86,
b4dc4deadd3544809b799a87a4296809,9119f3093dc34844a52307ca44b52689,Earn,128,
e819b28c0c3a4274affd066329e58d7b,e7591fffa45443fe8acbc8423edff8ec,Earn,137,
68057ed052e44a229e5d97690ec8975d,dec1f230882a4a01971e312b84add11b,Earn,36,
b8d3bbd68a2c4825b032a682cb440a3d,dec1f230882a4a01971e312b84add11b,Redeem,-36,881b4d2b28e441a49818207481b0ae0f
694b009b3de3477980a02c39d5c7edaa,8dffbf67a47e465d910ac54adc6d0f52,Earn,67,
9dd761bb6e1146c3ad6235fea8aa3a52,8dffbf67a47e465d910ac54adc6d0f52,Redeem,-67,e0250312528947f68b70c8a5a8dc1ee2
2939edc8c6284de7baefe2e690ef7a13,a77877183e26475aa5ecb73c790884fc,Earn,57,
bf3d076571c042eda6e0c66b4815adfc,a77877183e26475aa5ecb73c790884fc,Redeem,-57,7b37254775e44cdcb108c88e34d3ca6b
a562045508fc4e2984c61bc40c4e9dac,c3deeb1ae6f84557b3e06027c9653640,Earn,59,
22513a047a8949a1b8912b6786641e25,c3deeb1ae6f84557b3e06027c9653640,Redeem,-59,ab19b564c1f6417299aebd47b7dcd54b
3d44bfe179334fdfa6dbf9327d3c459b,bdd70d8915c74ee783cb2cefdd8bc830,Earn,73,
da68a904a7254466b4d20f1885174b58,bdd70d8915c74ee783cb2cefdd8bc830,Redeem,-73,fe7188656da34df3be0c292ddc32e4bc
c6ed4145b0e6444297e1c9b0ff982df4,2adaa32c79d44244949e81bff2500a20,Earn,154,
2ab340a0b3fe46f4846a8b5692c54669,6affd19d3998411f9335b4c1285dbe94,Earn,106,
276020e5887b4a168d296ba55523a3b6,82a576c9ca314384844310718e149c8e,Earn,84,
5926668f004c48898d989d792da26c48,2fe7501022a04ecbadb263d3e6958d01,Earn,99,
d1a45ebdae194a2d835098fddf3dd7d9,2fe7501022a04ecbadb263d3e6958d01,Redeem,-99,d268ab53462842508f4e9526da8ed4c9
ea5f3ca371ee45649e9f13b8c55c83fd,2bff2b4309564b308e1f25cac9c8f999,Earn,42,
01ac6ea84214456a923f234b29663717,76346e75b41040549b9115934a9f2eaf,Earn,129,
42c4acbae5234d7b976579f4b5b5ae68,76346e75b41040549b9115934a9f2eaf,Redeem,-129,15da02a08e324a13a1d164987038168e
073995786f69461f94b4045f25f443ca,6cd00b48e99e4ccebb34338fa53ba051,Earn,40,
ebf98fb9921041958ce0734c79765fd7,7ec169d678cb4c0eb99ff859f0170bf0,Earn,44,
ae9fc7cea9c14c969e9a51e963010456,7ec169d678cb4c0eb99ff859f0170bf0,Redeem,-44,a0c9a14bf4c94bc8b14d55564f8627e6
b85d09751acd495b9959d8496927b916,25522054930c455f93b18ad7e91936b5,Earn,18,
40c5e06575e64becabf448b34b47463f,25522054930c455f93b18ad7e91936b5,Redeem,-18,13c3f7a22a9d487fb127c7ffdb487654
4a48e690848d4c48a818c92e8a7be5a1,8f6f626216a441ac9bc59b5eaf71fbd5,Earn,71,
aac859b0f0c947ea9f9fee5635fd0a6c,5b9acfa4bded4e8786a28414dc880e37,Earn,94,
378abf16744c408aaaa3ba37fec5d419,d6a9713ac4254bdd867c98d10be57d20,Earn,22,
2204723651aa4b3f9be47ad859c8c164,d6a9713ac4254bdd867c98d10be57d20,Redeem,-22,4989e536537c49d184884c51d54bec3c
4f5f70c37ba842eb8b8d0319c9b072f2,b38b26260b5840608f998a7ead716f9d,Earn,98,
611f40a1eef845f9b49eef969eb691ef,64c4f805ca444ee68b921251fe975010,Earn,34,
0d72edf5efea46769c16f3cbeca92737,64c4f805ca444ee68b921251fe975010,Redeem,-34,a2146b9a85bd4b0b82269f29bda57c18
3fdc3ea716684e2b9366522741b24041,f2d2124edb3f4591b3e354421df419c1,Earn,102,
2fea919b359146698f4a3391fa840fce,f2d2124edb3f4591b3e354421df419c1,Redeem,-102,522ee66a11f24b878dab750fc7cf6125
f1a1e44ad6434a458eb210dcc34d04ee,5d5a83e9289b4f128cbe234a06a83d17,Earn,143,
b425a29f412b42ea9244eda29a2d0cae,5d5a83e9289b4f128cbe234a06a83d17,Redeem,-143,4fecd033ed69471faf59d301e29ea758
d83e33fb182b4695a51e8d584783987f,2f1d8f2eecec49c5b23058046d16a2db,Earn,11,
449431727fa9483184785c11eac73ba1,2f1d8f2eecec49c5b23058046d16a2db,Redeem,-11,8ec14598b24f4dd4828147607c495d0f
9a4d8f50d83641419d198cea3581a640,01f3e6f04bcb44cdbcc49752a3b8e71e,Earn,131,
9cfb996069f74ff2b6ab0d5f4c0d76ec,01f3e6f04bcb44cdbcc49752a3b8e71e,Redeem,-131,0472a177736f4afdbb3b896f3bc44b12
b8d9b8c5654a4eaeb8a20791438349f3,9d5e59fb0e8a45b39a54c7d82f60f432,Earn,14,
08b58f2393d042e4a09fc7869532355f,9d5e59fb0e8a45b39a54c7d82f60f432,Redeem,-14,0bfc3bce67894d7eadf1d4b56d8443b4
3d374a631d0c4a66a071e01b92169283,4169e60b8b254fe6bfd7572b7f5ed305,Earn,108,
600daf93f08f44b3983a6aadd474f91a,8cbedc7c5fe442a6b7dbf6d68d2f73e9,Earn,135,
01eca168de164af29c7ebff8a6c3f86e,6836807583c64df3b19729e1a7425a15,Earn,24,
fc4b27fac8c84d008235258829c73fb5,9145ac28844d441199cb987e7d9d9c68,Earn,82,
6ab48f1df9144e69b567da1b071c3aca,8950b266f1404dc0bc16f8d35ae8beb6,Earn,74,
c4bd8248ba894aae897c5f98145380ff,a3272fcc736e4812b219aa42c7fd799d,Earn,69,
2de431b2182446529225e92f4e1e29d1,a3272fcc736e4812b219aa42c7fd799d,Redeem,-69,3ce8cc4607724b71a6cb47c9b5f1d649
350c5e75f13d44739c46f614a2560ba1,23bcc5c50c39430c8988506aaf9857e6,Earn,21,
85a3835ccb924d05a8a9be2034cc8859,23bcc5c50c39430c8988506aaf9857e6,Redeem,-21,2a27c167ffef4532888a35824cccf890
45c0d496e5ea43408085420a7b6f11c1,e59c2358c5164ae1bab4f881ab9b8e33,Earn,114,
1fb14a22a9e94979bfeb9acb47573be5,46f9b0b379e4431da8bc39ab6d4c7796,Earn,59,
1f402d2657c14280b88558cc08dd4e87,46f9b0b379e4431da8bc39ab6d4c7796,Redeem,-59,27108d2dbe7f477b86b75914c9514385
49f2929f074843d8bebbff3d4a043e8d,ed53ed137f3d451f9b1fa913c7061b81,Earn,151,
014bfa7a29864c5a99578fe3ff586f54,87b288522d1147a7874f57d640f5375b,Earn,24,
418ebecbfd524e4ca8fefbd8049262ba,ed8b36ee2df24731979c8dd591875f30,Earn,121,
38ab1a95253d47dd8851c47fc27eb590,ed8b36ee2df24731979c8dd591875f30,Redeem,-121,82d9dbe4f8ad407493b0c286f1c2a1d6
b50beaa7473b4fd6b3e8f1b640f57ae4,f9ac67485dd643a5ac21cec66128eaec,Earn,31,
f97b851975cf4dd1b4948b41526719a0,f9ac67485dd643a5ac21cec66128eaec,Redeem,-31,be309cb73f1446f6ad8a43621ef832fb
0d966761c71248a48de188e06c46e84c,2d0a5339bf7c4dca80e077121d5bd2b8,Earn,157,
38885bde614a450fad82f8d7f92a73d3,2d0a5339bf7c4dca80e077121d5bd2b8,Redeem,-157,18bd6be1104a45ef8af47cc715d53dec
d6cb8e4dac2b4a7db0c3850bb8e33c8a,1c666f63fb6d436abbd9518b0726ae94,Earn,134,
ce12aa9dc3cb43fca366a6a1412429a2,1c666f63fb6d436abbd9518b0726ae94,Redeem,-134,7f7f5f07e0b5400594e1297416623298
8b775e020b9d4fb385266423b3eb70a2,1de35631ffac47118fddd086886bc1ea,Earn,79,
2b74b3c57c5c4cf78342586edaf244cc,1de35631ffac47118fddd086886bc1ea,Redeem,-79,e1cacf7c642942408f06374ce47def4e
9658fadb8eb4409e894f1b75e4c5c322,cd9bd2e2266b4ad391c215b7de9daa1c,Earn,28,
906c60ccbdd54bd9a132f5ed94f6edd5,cd9bd2e2266b4ad391c215b7de9daa1c,Redeem,-28,69a0f19704da411cb323e2bba3889632
305cd450877e45b5bc7d0fc43609c4db,c5ad6f5c2d204431856f97e4c4874518,Earn,26,
f04f04dfdb7d436baed68923b2d5e56d,ed15b154f760404b9ac5f7f0ab503185,Earn,67,
3e490e90c226470e93acd2080f63a6e3,ed15b154f760404b9ac5f7f0ab503185,Redeem,-67,c54ecba27af04f4d90d073ff559c6855
8b1ff5f68b38419ebdf96d34efbabb1d,fbf89cfca77143f2986ab8ce35ff40c0,Earn,156,
66a19a8ab4ef46be9388ff5695279ad0,fbf89cfca77143f2986ab8ce35ff40c0,Redeem,-156,20940647a2af43dea915ea10e467a3ac
a9592c36a01144b6a39754e12f98d62b,bfd8400cc55848e78a3a9c9f83236f35,Earn,113,
70eb399740e846a7a564f1c0bb2df346,bfd8400cc55848e78a3a9c9f83236f35,Redeem,-113,e1b0d022dbb945cd93ed749829402d3e
6594e7f82f7141e0a345124cf01fde3d,9b31cf3849644e69a52f61006b54f185,Earn,66,
84aeb874e9704df191d15067e6130adb,9b31cf3849644e69a52f61006b54f185,Redeem,-66,64ba4b656e984f12a06a5870e3890fe4
336efc77c5d14bada4c200563fe1089d,6a89fbddf3db4c6794de9685199c8d2f,Earn,32,
e634d69650e646ec94132fe4a55da405,6a89fbddf3db4c6794de9685199c8d2f,Redeem,-32,16679fbfacaf49fa8fb3e000dfbeeab6
872fc105a9344f33a242c6cd82278086,e03c4e8cdd2f41f6b0bf7785b2e8fb2f,Earn,58,
78ea580b56834b5e83d9807e6d1674bb,55756b93951a4b3d894a3b2dfed7bc06,Earn,149,
deb408e6e97b41d58af6e834b37cd082,36888eb555d646e8a7d3b44ececfbbf1,Earn,18,
333c14d1ea0942aab9ca5ac914dc3916,36888eb555d646e8a7d3b44ececfbbf1,Redeem,-18,b30ca92aa5a64f8e8c14e36e8b565b36
9f6b7994414149e18f454338b6155f4c,8cc7cae32c43425599041ed67a2c4fdb,Earn,52,
36144fa9a4ef493291ef2cd8da80856a,7ef7bc01a08f4d88a0654384862ba928,Earn,139,
94f12168fd244c7bbd05b9706508f0be,9c84820b8b1e4a02a0c027329c0e2cbc,Earn,45,
4e4bff3f2df545138c7a1117137c3f42,1d2e90067f5945c8a969667df389198a,Earn,135,
d3fde30a7f3d4e91a460c93d52a97dad,b39b8cb8ca23486d95a0c33969e2b6aa,Earn,92,
ad8da830a5d8441d8f9a2cae83801931,a6f69188f3db47c3aca050ccfd34d197,Earn,36,
44217532da8043d3b95f3216c4d91ed1,a6f69188f3db47c3aca050ccfd34d197,Redeem,-36,cc58e33572f84cb0a175e6a484bbb930
953245694ee84258beb4ba9162d45301,38a89d10bd1f41c8b52faec03ee88f80,Earn,62,
d7582356169c4361ae12d094d4ce4a42,38a89d10bd1f41c8b52faec03ee88f80,Redeem,-62,a737c0bcbdcd43a894d3da089f8844af
b4104d57de714db0a8309d379b0ad464,a2eade511bc94946b87c216a5e5d0ff9,Earn,26,
41ad3bc4cd3e441c83f217f7bc4de69b,56ea9803c7ff495385c465ea66226ed2,Earn,91,
6cd4a40c45ae46e2a9beaff3a7567181,dc2101ec7ce44df8bbeb2d983b841fa8,Earn,89,
d7e96d4ffe264edaa05b281edbeb267b,dc2101ec7ce44df8bbeb2d983b841fa8,Redeem,-89,126e5e99464149a7ad8f0a17838b9039
54cb9abeeaa5493dbd1d8b4b1f0bc92f,f19ad967d4a34641bed511d6c335f3e7,Earn,119,
ac20a6d8bf214f119f2d35a0831303cc,f19ad967d4a34641bed511d6c335f3e7,Redeem,-119,744225075c0145e68df1a0e2e8c136ab
8362748e9f4c4e5189af9c8722dc281d,151ab019e23b4fa2a603b1c7d7c14271,Earn,36,
f00021c786374751b7f6381b26770023,e8f5138ed28b468795e8874667a2d001,Earn,11,
34d7e17cea1e46409b6530cf38d61b02,e8f5138ed28b468795e8874667a2d001,Redeem,-11,b8528116f6434746bd9b56678dc6e64d
5a90c462c907468a91967f56f874b96b,002e7060a2d341e78b18666ee8d1d43c,Earn,134,
cdece902accf41d6b999d5a0a8a91ef7,2b470e5c52e1450388f1e518070ce621,Earn,145,
39e930ab5d674df19a091c0e8edf4ffa,2b470e5c52e1450388f1e518070ce621,Redeem,-145,5048dd9e40494ff58cd856ae88ef06a3
d0610c3fe02044b8b6ad5b0b9de0be6a,8e421b0903d7429484c4871936c0b202,Earn,146,
fe607a434868423ebab4bd5920ecc7f1,1035dc0a00174e4b95c2efbe395be5bf,Earn,114,
ef8248e4d6ea484b9e02060b12120d0e,1035dc0a00174e4b95c2efbe395be5bf,Redeem,-114,2638a328166148469bb27be7a3909bee
96eb0e067a92472f8f121f400c3a8ce7,fed4407fd5964de8ac572d7127a8b2fe,Earn,28,
ea38a16f817d4861b0c21885cb39391a,cf0edeb61cb747b190b45b7ff39ebe09,Earn,113,
5bb8054bcdc94714ab57388afbdf5013,03f39ccadb06405cb8165aa787044142,Earn,72,
131f0914b03e44728b4d87660c38ac7a,03f39ccadb06405cb8165aa787044142,Redeem,-72,755971ca47474a42924ef3ab8a2543f4
2ec1af09d3ba4dbeb4c6a196de528707,4db3e5370fb54314a04d5065b42f2ead,Earn,118,
be069ddbd29a4cf8b381a0ed94b11dee,ecb113362f174c1b9ff6241b5b2cc154,Earn,60,
b53b6c756ad347e0b2be150f4e0f26a8,ecb113362f174c1b9ff6241b5b2cc154,Redeem,-60,4f48f40f44954657b54c3a1c9646f2f0
bb2d531509a04ffd8480d08f654902a8,29e8de36afc64affbcdae3637a7806f6,Earn,34,
a97a893f71514d4ca7d6475cd1c93bf9,29e8de36afc64affbcdae3637a7806f6,Redeem,-34,8b187545ee3040a1ac8f74f17124bf4c
2f8e5ea5feb045e4b3c0b14e1e3f3f0c,f84b6b82e7c54c039cbbdda1ab346920,Earn,115,
9d5b787a8e7f4a8c96bc31985af07ac9,5dd270ee28d547b8afe04cc8e551d92f,Earn,68,
bbb4f0e2e6324fdb8a13f8e138e00417,9ed5f92cb3a849f381f92511f881c683,Earn,36,
8e37047750d14c428ca929069040bb19,9ed5f92cb3a849f381f92511f881c683,Redeem,-36,595e260e78fe427b8edcd249009b2036
b57e180eba21473ba98e1e9f5ad8f469,73db7226d3a249a9a62916991895acfe,Earn,116,
84f1630c767440c2a2e3a6a7d707e21d,73db7226d3a249a9a62916991895acfe,Redeem,-116,1c6759b7ebc44cf8947d0877d38d3e45
ffc1a5e1453c48329b37f6221ce4b4ed,b81c0763af5447909bb42cfeb2011316,Earn,147,
a9933a293b254512b67d877ff0ef7465,b81c0763af5447909bb42cfeb2011316,Redeem,-147,afade02ccee445e7b64ef84db67718d5
bc3597784d86427fa5e7bad83b1d7591,67c9beb5e0d64187b46578bd6a835104,Earn,28,
a406a000a5b5473f8c22421d560f2adb,67c9beb5e0d64187b46578bd6a835104,Redeem,-28,dae3a9d7762546999c4f5fc3389196bb
2bf9d7db00a94f66b09c1b1bfb0d7903,d591cbd2c5564e60b4e32004735f994b,Earn,80,
3970f6bbaf6c42ad87c0593b0bf92cd7,51fc562171ca4fea82cce428b886032b,Earn,120,
c33a798c738a4783992a430dc4fb872e,a1d6a0b4b3c84ce2a770109cc4a450e5,Earn,171,
ce881474e5d5425396c6248925ddc21b,a1d6a0b4b3c84ce2a770109cc4a450e5,Redeem,-171,093a3055d10f4df4bad278bd03aed3bf
4ce4d5762d0e4cd1bbc76e1f83e42128,f45960e17a344919bbc98e05936d87e7,Earn,177,
2b0b4fd492d546048c352db52ad1e1fd,6e853b8ec03b43959020998fe96bcfbd,Earn,149,
985f9368cb184d5d833b764011778b16,7ae0d56de6d04059b8e59c732a2ac7c7,Earn,163,
29dd9cd55c6d40fc86697761c52a0fe8,5274eb34534343e88f8065d1ce65b4f6,Earn,31,
6428384ea3b04e28aff3aa4c2b0f104a,5274eb34534343e88f8065d1ce65b4f6,Redeem,-31,4f1626f0b36f4cac950f1492c8bce699
f7b2c25675ea42398ae13d3832d7a406,4a20b442542a4d8e881833fbb2493e1f,Earn,126,
e4f6558949474f90b84da98c44017795,3aa7cc4df24f43a6b5ab3b07ff9b7ca8,Earn,63,
eb1779273ec847f6a8da27bf36af8beb,3aa7cc4df24f43a6b5ab3b07ff9b7ca8,Redeem,-63,64a9d2cabd2247759097958e6ccee2cf
da90433280e14a039e18a24952a4a9da,562e9f458fbe432787131d104631a102,Earn,132,
0ac6f6380752479eaa68639917037bb9,562e9f458fbe432787131d104631a102,Redeem,-132,111045b8923449a0ad8faf1c0d99b529
fb3e84f341844fa2b9bea2b23e48e6a9,7407a0b4956043978c39b896a5138cec,Earn,20,
7e59edf676e64927a699582dfb0dbb5c,150561623c2b425dbcc0c192bc50f54d,Earn,111,
a22071e4e46747cf9b8579c58d94ac46,4efeaae0025840b3b6c82761b7648efd,Earn,23,
5f7fe18336fb4fc0977f2b5b6c84483b,4efeaae0025840b3b6c82761b7648efd,Redeem,-23,a0a8c92d1eb0459da8136380732d68d0
e3e00149a22e47e4b294da135ab9203a,9b638f7c972941888b028e5ff34d599f,Earn,44,
2495207a68274ceab35f44dab84aec99,0d68156a33ca4640b273671fc5fac0cf,Earn,44,
647e06274fd84fac8c563ff089c45a3e,c000994cce0b4fb9938f9d92b992d741,Earn,101,
a6f5c84f58b14f4db15f76f91b9fddda,c000994cce0b4fb9938f9d92b992d741,Redeem,-101,248e66a4dd86485a8adebbbdc734193f
2f2f4ceb8fd24d25b49b3174bc9cbf8d,ec4f2a097525455abd835349610ecc20,Earn,78,
04414cab091a414f80cb3f75d8f33029,9c21ea530b204fdea005947ffef45a6c,Earn,62,
bf340898063e49db843ebfa7d698a1d7,9c21ea530b204fdea005947ffef45a6c,Redeem,-62,4ed944d863814ae68cc301cff08d65bf
1771346e9047411585669de5924a6c2c,22388bc34da64536bde27c941e3f3477,Earn,112,
76ac7b9bf6534fa6b2de4ffc4f3d0f44,b3e3e4ee32574e8eb6443e031ec27276,Earn,37,
4ba97aaac4eb4d3fbd5b7e9a6233ab8e,b3e3e4ee32574e8eb6443e031ec27276,Redeem,-37,ad2ed01ec724432ab2539a43815f6667
bb46b71654ca49378c031a60e77522ee,7c72a78311b74decaf1ff71f008fe709,Earn,112,
a4133266cde844358d112c93a5f20a93,c55d87cfa3f944109a53be93d991fa7a,Earn,71,
571278266511432992bfa34951c336b7,28a92096ba694ac589bc8f4c715d2fe6,Earn,131,
ee8a91dd619b4995a09081cf1b95503e,651acc0b1aab49b49f7020c775975fb5,Earn,17,
1303ea3131854ca3b11da4e527f103c4,651acc0b1aab49b49f7020c775975fb5,Redeem,-17,6dba8b91fcb042fe98155fa61120f856
cdec80792ebd4f089509a45fb9c5d841,98cd7e51afe3499fad700ac9597000ba,Earn,96,
463b6922a1f04d669716a0b3c4055b45,98cd7e51afe3499fad700ac9597000ba,Redeem,-96,6e2beabcd79c485bb257d165c2e2df33
c5f68b64741946d99b45588aca38708a,1602f18da7eb4414913bfaf697d471a0,Earn,72,
a662c883815c4f8a9d3640d31759d7cb,1602f18da7eb4414913bfaf697d471a0,Redeem,-72,bd04883ce29149d093237ab6d03d739a
eeb4627321bd4194886c04ae30fdc754,7621966238c440c98fff56762251669d,Earn,67,
52125b4f3163451db82b28f8298224b8,7621966238c440c98fff56762251669d,Redeem,-67,ae72ac2cbe6a4801b7f592729215f99a
f66e426376e4436a90381cbf25065122,c3603a835a66406bb9143a89353402e6,Earn,140,
c905c0815caf4e99b655d013369ccfe2,c3603a835a66406bb9143a89353402e6,Redeem,-140,c01155ebf4d1462aa9ed4d238895ee74
bba41dd0f8b546718d63751b9b299231,2459495250094eb3a4a9c46f97fc4a1b,Earn,30,
a1f41d45d8a34da3a1ffc2c3f80e4daf,2459495250094eb3a4a9c46f97fc4a1b,Redeem,-30,32b0400fa55b4794be9dfb4333ef266b
d85bb3e5e3ed4072a3fbd1ddbb346340,f249df8e20304060908806c177490834,Earn,86,
87d99bca51a94fdb913991273472d896,f249df8e20304060908806c177490834,Redeem,-86,21f3c20ee28b4992b36adeeeaf0c6f1c
773340f02b0d44bea06c26a63a434a81,e2fb43c6287b41c690a88ffaac7829c2,Earn,94,
9528112ff4d44ac5b960db2e239f535c,e2fb43c6287b41c690a88ffaac7829c2,Redeem,-94,8807de9ddb4a4cb58f934e4ddf50bc2c
d4f15a187cd04eb0979a33b44a7a8a28,ef680db240f741e4ac2fafbe1b032f45,Earn,76,
a49455a0056f44339648ba5e5ea2ba82,ef680db240f741e4ac2fafbe1b032f45,Redeem,-76,4aa51b1385b24b399ee0a9a2c99f727c
cf84a3ddef794f36b7057f71e719927c,624b1a26cb4a446e80a31c2218f9758b,Earn,17,
f1d0ce367c5642ebab0f7bbbc0387cdf,624b1a26cb4a446e80a31c2218f9758b,Redeem,-17,bde5bb344cf44d76ab5113d50e25b551
4897cfcf54d045b88b25f3430fbc7018,900f81b526d846b5a4bfafd8b9d07b18,Earn,69,
82efbc1b92454cc7aa3b6a18eabd1524,d7576449be294f19ad8f62b083bdeed9,Earn,32,
1f0cf5c61881483e88c1414e8bab5116,d7576449be294f19ad8f62b083bdeed9,Redeem,-32,e2a82e87d7ae4c398640dfb4679d7f78
f1645aaf5f8847d992cf021224a3db61,50cf12927a9644c7a4e62be50adf24f6,Earn,116,
6f2bf245c7cb4035861a34cf2bd2dcc3,c5f7b032561041efadd324c35ccdfa04,Earn,77,
8e2dae1e72b6451d816368c7c30466ec,c5f7b032561041efadd324c35ccdfa04,Redeem,-77,58703f1598a348ce8e799ec682641b30
d83fb87009ed472fbad7ef27d1d6a054,d17603b19ccf4537a86c7df408b1c1c6,Earn,69,
58731be595484ea19814526a10e70c01,567003197da14ac6977517c0f71523d5,Earn,35,
0e51b6ff387440a59236f2161ba594d3,fd609ef3ea584f7ca238ebff19a36a23,Earn,41,
e171748d0bcb47d1bb31dceb408cbcdb,ff6f67a952544f25a5b4fbdd4a9073f6,Earn,148,
a215a445db164033babe2dd5fe0c60be,a0febf1c527147bc9717e4bbb65e54f1,Earn,56,
19c1cf045f5146668b8a8ee7c79d889e,a0febf1c527147bc9717e4bbb65e54f1,Redeem,-56,b8d5d1c82aae47e083ea79cd2872dfeb
cd410fdd2bc44b41bee8e44f1248928e,3a2595ee68a341a5acc965785ad45da2,Earn,109,
8007cfd09b144d74bad2869ebb5e3b85,b89b566dabe94766bb73194377129269,Earn,170,
55988a687f6b46048f974087c47cea38,bc230e81dde844cf94c9ef30e6740e0e,Earn,72,
4bc0809f9eb5403cbffc1b78d8ea1115,74cc195767e34e78881d557c577b8efe,Earn,60,
892c03d456f7410a835674663b212d0a,74cc195767e34e78881d557c577b8efe,Redeem,-60,996e16f0aa6b4c5fb678a725ef5c74aa
91192feb3a3c4463ac4ccb28b3a61d20,fc55b4fc0f574d64955d98f3437c10aa,Earn,128,
0236b144d7a5487f862a1b8f521b8cb5,fc55b4fc0f574d64955d98f3437c10aa,Redeem,-128,595ab35d0d454d02bf5152193ecce3d4
074925a2da9246319498a3b9c35b0c67,2ab227500cc046ba83eba155dd164940,Earn,79,
93dc9e7440534e268166a74408898091,2ab227500cc046ba83eba155dd164940,Redeem,-79,6e75ae32bc344f689a13f867b7f7b3c7
730668d29687462c910a7d83d9ba6117,6918a56633e94c07991b3d394896bfab,Earn,24,
3e79c9efb3024b19a505e5d20fd27748,6918a56633e94c07991b3d394896bfab,Redeem,-24,8cfeca06f5e14b7a8d121d82da68418f
f18873ab59f947e895f92d71e8ad9b17,d85d3f803bd94cb583adf4c7489f1d02,Earn,36,
4ed05cd282a34ac1a9b2fafc56e622d7,154671ae70c04baeaf5b4d15f2c9c763,Earn,62,
124fc69a15a2421fa1bbbcbfc8db4c4c,ada82681f9f8407abb6bea3d57b7e365,Earn,36,
b561cd168fce43a6bf32b2999a00e2d9,acefb60dc4d945669eedcb14de2d574f,Earn,128,
a99f34749a5b41d1a7bca6f5b4eec36e,acefb60dc4d945669eedcb14de2d574f,Redeem,-128,f8374d368d3747b2b14b346da058ec96
3dcf3d5f1a8f4cf6aba82580dd4612cc,8fa70c9527ea4878970e966a90e7e799,Earn,114,
927d76f79e3747eeaf80ba02b41034e8,43ef036cd09d4c5c81d500eb5d8053fe,Earn,71,
ccbe494aae684b44a0800a6e939b88a8,43ef036cd09d4c5c81d500eb5d8053fe,Redeem,-71,a0caa6074e174ba596f977ad52b8e61d
0ae0a574257a4abeb8403db6f3f729dc,c3d5240141684753af7ea9080f7768a2,Earn,150,
45caf148955246eca37974caf81f901f,c3d5240141684753af7ea9080f7768a2,Redeem,-150,980b8843a7fb4e8cb7bf2b581c61f972
570df6089a684ed59f77e4ecba4abd62,6534f1c4fe5f4aae94e5b2f5e27da412,Earn,94,
88cedffeaffc4f368f89284c6d61ef45,2f1068b549a1497ab2bf445c46965890,Earn,147,
9d5083d41576488f971fb436826ca337,2f1068b549a1497ab2bf445c46965890,Redeem,-147,9cc32179e615441f88c7965e03cfb33c
bfa125db41884b9d9df1edee3ce6ec71,b385cc78f0f14a578e5a3d5c8fb6d8b5,Earn,97,
7e03b0b7668c475398f5b772431b1a02,5bdb7392ecad4a3c921836ee71ce86f5,Earn,130,
4efba22868224af1a24dcde488aa1a88,5bdb7392ecad4a3c921836ee71ce86f5,Redeem,-130,78c9a5c6b7c7484296e1960c544bab3e
7853206a1b064268aeb0faa93632fd48,2278b8fd52b44738a9d0b0b35b4bef04,Earn,53,
9f12cd1b9f1644e3a12bcef28289b6af,2278b8fd52b44738a9d0b0b35b4bef04,Redeem,-53,f9b2f77264b54e44ae858649f0018fa7
fb8d55e700ac43d2aaf516ba85d52ab0,c15552593884438a821de1e851c252e5,Earn,177,
19f523d00a1648d1bd67ca8917021848,c15552593884438a821de1e851c252e5,Redeem,-177,71a1d3250c3d4d508cc06601d43c1ca2
a1e8d81f2a774df8a24f6ff0480a7ba5,8ed09ef09edc4d19b2b471e1eab2d8d0,Earn,52,
9fb7b2e9a5294f9db30ea66ef41a235f,8ed09ef09edc4d19b2b471e1eab2d8d0,Redeem,-52,e995c4eeddd44757bb8ecb645594b5be
e2d13f004b16419f9370637bfc89f678,fef4b18aae914e2f9037fee3db789443,Earn,51,
bb85707cd0594e3899a7caedb4cca5bc,fef4b18aae914e2f9037fee3db789443,Redeem,-51,94ba3c4452b04a63aeeca56bda35a4ac
9d6685a473584700aaffc8bc47419156,e1dc731121994e5f818ea63e9ec3ebb1,Earn,108,
55aaac2d2c9649be9b0ab726cfe51ad7,e1dc731121994e5f818ea63e9ec3ebb1,Redeem,-108,42cc27cf823348ff848685f032af1737
c46987218e3b4ddeb6bb2a80ef2f08e0,355fc8c426e54a2fb41f75ae86ef54ea,Earn,32,
05b6a0dff10e4b52b4f7b0c3de9b6325,355fc8c426e54a2fb41f75ae86ef54ea,Redeem,-32,bf66a49291854082a1903bd740bbc871
bcc7f36e16bb4715831201571419f21c,548b7d82777a4b589f4d9f3242154ea8,Earn,163,
df18727c522b4ec3a65b067db75e3ff4,548b7d82777a4b589f4d9f3242154ea8,Redeem,-163,1b7b49b47fcf4000b64be2ca3e7b07a0
3a68c50277eb42a88686e18e26357aaa,b89f406aadd945f7a39be3a516009e06,Earn,94,
d4a82bdf1bf64669a5387aba149e9a79,13dd6392dcab4adab88f305423bec36a,Earn,6,
1813f2e9eaf144d99b1605c374c4d40b,13dd6392dcab4adab88f305423bec36a,Redeem,-6,4ab0f1a02f89416f95ffd252f61da201
60773b48a98149199497e7f327fcab97,0e709b4efa6249d3879f34e771609a6a,Earn,99,
e956cd6928e4421180cf87082a00e1d1,e45ea2635b944696b8f0863abc9fcc89,Earn,68,
5bb1b39ad9db47cb8c816792bdf8998e,138e2ba857be45bdae38e8bbe2257454,Earn,15,
6becc39ff50b40c9b2313c00fb7ad134,138e2ba857be45bdae38e8bbe2257454,Redeem,-15,9d1b946d7f394e8da59c1f90194c369d
4bc513339d5448bf877c6f2be1a0fe52,d8b9307cd3f44e3aa9833daef81fb4af,Earn,141,
469451f68a35417e996b8d1561334704,c0384c4a3b6146e58d9aed2da7cbb159,Earn,135,
b51e4fafdb4c4a7eab27f57a7bbc5ddc,0b9b9db411a74fddab4bf461fe823a8a,Earn,102,
3d36aac25ba3424da0507171fabcdfc2,98f6248239f3488683874181fc2109c9,Earn,108,
c51dc8c1bcad4105817d1de33f9f47da,9eea14121dfd4f27951b2f62e384f3f1,Earn,25,
a6e0a7985a724170965d81caff925f1d,9eea14121dfd4f27951b2f62e384f3f1,Redeem,-25,cd746aaf81db41ab855571d1f1f8e738
0de06ad5e036488ea8f830ba8cf1149d,46eba05208ca41cdb816e622b522460c,Earn,104,
401d95c971b8447eb8c444ac66ba971b,06fcc6c3ae8e4290800d74645e3c4eb5,Earn,10,
d723276bc62c414797746c15a2629a69,06fcc6c3ae8e4290800d74645e3c4eb5,Redeem,-10,8f1c11d0e12242578461d702b5dd6bd5
28c54329b81044c18cb0df0887713cd8,b3219a6961174cb9885dde9594eabb40,Earn,101,
17b62a96f96f47dda41fb12db294254c,c7eadd68abaa40058766ba4f174ec97c,Earn,144,
2d1094d0780b41e9bb817711822a573a,adfc6b44d2a74606ba28ea457722475a,Earn,104,
3d74162abb0e44e5abe7b6e18806bc0a,adfc6b44d2a74606ba28ea457722475a,Redeem,-104,38ebe29a1d3e48959e59f71f419bebfa
70d151e737674d94a8fd3d6ff84a8535,742c54f17c6341978f380f947cc2a2e9,Earn,119,
20c8abf2d8e24972aed00d012adad211,742c54f17c6341978f380f947cc2a2e9,Redeem,-119,bea720be4e974234bacecb1094294e80
59f306be8c8940f28ca6e605f1dfd3dd,3b9cc7818aae4dd9b562aeecc50cc927,Earn,162,
09ea040edc584300ad1c93fa396606ed,3b9cc7818aae4dd9b562aeecc50cc927,Redeem,-162,2da1630b68e446bc8feb4fa52d9f539f
f8150132b1f9457bacd7f55832433007,3cd4273dc17c4bd4847eecd6408aa605,Earn,86,
06dd9ceaf5914cef9719929ccb0a80cc,77e64ea8765549dfba839619d65e6b0d,Earn,15,
1cdf5c48c5804d558fd018c5ca053b9b,77e64ea8765549dfba839619d65e6b0d,Redeem,-15,0971adeb58054dda83fc40cc895a12b6
580e3effa28f4d0880a7a6e26494a11a,1fbc3e001b54408286d58e199c858edc,Earn,36,
85bee62ed6ab47539b351a87a2db2963,2ce3f18bda7c483cbc12a19202521b36,Earn,24,
70b292dc738a4f1982449eef007251f7,8bf0d05aed9c4108896e3e411769644e,Earn,155,
4d3bfccd221b46c8af78d0e49745641b,8bf0d05aed9c4108896e3e411769644e,Redeem,-155,1e08fda1896c4b57b834c7e7984ece57
62dc442cbc6f4547ad40bc672d7ea8e8,a204e3eff9f2484585215f5a9d8f5f9d,Earn,169,
906182b6a2114585bfdc2afdfdc0b638,1b990acabe5545959d8c5f9f509b0c4f,Earn,132,
ae416097ef9e4713b6f9c08e680e9ce5,af2176dbfe7e42ed8a3741027f830151,Earn,138,
d1a16f14b92e4f6295bfc51de51c1ea1,af2176dbfe7e42ed8a3741027f830151,Redeem,-138,9da95c7676af432e94bcdd9a7d303d0e
9667eb39091f41b9a6c1508e6eb4a7fb,63e884c41aa84ba4809a08aa64829b77,Earn,106,
636cfddc6abb4b7cabce46f860fade03,6e4cbc74c7394887879ea7159f6b6efb,Earn,67,
1fc344670c454d359dc8ba58305816d7,6e4cbc74c7394887879ea7159f6b6efb,Redeem,-67,7f507c2f3dc7467c9a74a219a7cc8cf7
67fa3ca29bb1464a957f27daa56751ab,a359bd53dc67440f96be122c79d1bf13,Earn,114,
c8bd517248ae4669ba3a6d1e739a55f8,8f04eafaaa4d48f3b49b64ea3b845f32,Earn,131,
7a14038b8a8f48ea9fd713f08473e778,7a93497d250f41738bbcdaf818bf731e,Earn,32,
de5cdf67cd304292ac34def7c541d1da,2c8240f3b4c141ca95550f4ab526dd26,Earn,85,
4df68d1d86684220bcb1c3711e96c1fd,68af5a9ac6b140978309f1ba128d2977,Earn,79,
20e453bb990141379ab11a6137421769,68af5a9ac6b140978309f1ba128d2977,Redeem,-79,fc22ce2d85fd415982e2643b81fabc6b
bf5fa209f87c4b55aa5bb2d9e9b5272d,1bc60205751245cfbabf04a8a995cdfd,Earn,144,
d706fceeeb684e7895cf84d228f42607,ccaa2d9964444817976c4b6d014b0758,Earn,100,
69d583dd25894dc08ecec4f5721042e6,9c5c9c420285471bb68bfd3d4ab53f89,Earn,41,
27e793a5035c4d28b4b88cd7edd90b00,9e04a90c39064b6a93731f5ba608d423,Earn,113,
7fe8ab7792ae4159a57d2f9531cf00ef,9e04a90c39064b6a93731f5ba608d423,Redeem,-113,c73df3524d4e4a72804cfbcee6e3c44b
5d5cab32e5dc455bbcc1fb59aa027a40,4c0a7b973c5a4288bc7b45bdccc3b68e,Earn,156,
8473a4c635d7436780154e95c45760d0,4c0a7b973c5a4288bc7b45bdccc3b68e,Redeem,-156,c65af474ce614326a87d084d5ebc2da1
35e6f95421ea415c9d85fcdea9d948ea,7e767f21e43140d4b38996d185386aae,Earn,70,
d4a3f2de70fa453c9b4a29dd06bcecaa,7e767f21e43140d4b38996d185386aae,Redeem,-70,f9b3dc965dd84e8c88de137e1c13242b
5a66f260d7e34fb1a6e88d46119a0f80,5d1de99e48e340f79256d29e69f67a27,Earn,140,
d1e46b65b89c4c8aa68c01911ee64c49,5d1de99e48e340f79256d29e69f67a27,Redeem,-140,8b2cdfb3544148a8b1e9e876bda34b30
5966efec8e4744d0bf14b2743b9435f4,c50d9a62d5b84ababa3a27ebee279c9c,Earn,98,
731e36b67bb14d47b4a891e8910ae512,61476b7da6764502bdbff6b706e8318a,Earn,172,
54ae2c7a9f23491f8c662c2b26585381,e542836ce3914602a1dfe2425c320952,Earn,71,
d25eba2a2ae04a2e94913dd7538beef7,e542836ce3914602a1dfe2425c320952,Redeem,-71,2e19a96be6fb43719d3c4004fd358881
45ed8d873cc34bfb9e553e5db7e9481e,447a7609101b4f46a185f411a7d43b06,Earn,53,
ef6ec90f1cb14c33bc58b987f7ffbd27,a409772784f44b9895fd835cf6209c84,Earn,135,
5119877b48c548bfa01607ed0f403242,10c009fc14644f38b8176cbb5909669b,Earn,91,
51c4690f34d64259ac5a7c6085b70818,10c009fc14644f38b8176cbb5909669b,Redeem,-91,437fe6dd0d77417ab47028511cd06dab
7ab35eeeb4d54359a95b1936f6ea93da,4f867325ac2d48f89f44ffcc2bc93ee8,Earn,14,
84b7716c078546b0acb0fdf2919cc78e,4f867325ac2d48f89f44ffcc2bc93ee8,Redeem,-14,1cb8a89b5fb84450a4b69d63fd06a097
44df3c9e25924420ba0becc1780558fe,eafbb436bec44faab1569a2f88e56db7,Earn,33,
3d6cf8bcf8c04131a491f07155f6a71d,eafbb436bec44faab1569a2f88e56db7,Redeem,-33,fa3184853a714d6fb2c6548deb4ba583
1adf7ef3001f4755898513381e79d48d,2b138eb9e9b54f0fb2e086de3638e1ba,Earn,194,
329550b088864275bc6a36b704ce8e73,7a611a869ca14be9aa0213b30305b527,Earn,71,
73375ad005654ec5af088f9b7cea2c14,7a611a869ca14be9aa0213b30305b527,Redeem,-71,7757bd8f5efa48058bf8b300d218a53d
f9062d3e86cd4b30a6cd8e2d5b6ea188,caeac279315c4e9bb1b64e332ed24e71,Earn,37,
281b8a8d55284a4e9cb088562168b59c,5b12254584a342c19c1eaf2af9b1b82e,Earn,166,
8db59477f5d54ccaae0189ffe0e35687,5b12254584a342c19c1eaf2af9b1b82e,Redeem,-166,d9b318ef22984b4ca9baf9426e9d2097
ca340593c7484fde89dcb704dc895530,ee0f9ac3a1af49c6aef1748441fbc014,Earn,138,
5cef1d8394ab4a019f8fcef5190d9c1e,3956c29d4f3e465f85dd219dcbf0f31f,Earn,82,
1173355e8eb94b4fa8c0626626ee5781,46ec6bc0c21a43ddb1f33c40e815af1c,Earn,42,
bcd505cba01c4a709f163a67f9e3b040,46ec6bc0c21a43ddb1f33c40e815af1c,Redeem,-42,682e164121c841fcb50a6b94576ccbb0
fd4e1844a7764ab8a187ae4f2e71010b,99ec0ca25d0d44e7b88b3f4b9a83c9f5,Earn,57,
48904b47e7c249b28b32ed08d2569447,99ec0ca25d0d44e7b88b3f4b9a83c9f5,Redeem,-57,f6a47a468b69473ea49bc324578589d7
d84c14b49d684abf92f21eba2e539513,38a82134c07b4eb283f1cad42e30c6ae,Earn,68,
cf70cea04035431bb32c65098668e019,216afe99ede648cc8822c546d71811ff,Earn,76,
e91b562071d241319db3a0d9affd44ff,216afe99ede648cc8822c546d71811ff,Redeem,-76,269702702b5c42f5ab7b20f8e068ec7b
017c7fb4ad9f42ce87d6d4ae1c0cd3ab,2f6cf1959c5a4f62908bfbe7c7e64c26,Earn,50,
45cc61dc3c744c21bb6431ef429425d2,2f6cf1959c5a4f62908bfbe7c7e64c26,Redeem,-50,ec4df83573d74ea29e81d7f3a6b25c9d
2340e1a8589a41ee8c10cdd667bc44b0,51c62c94644943ac96ba7111ff1ef06c,Earn,207,
8488d3c013be47ef9407111dc7ccea97,51c62c94644943ac96ba7111ff1ef06c,Redeem,-207,61177507c1fe44238da38f0dcdf331b0
97bf13eb9a704439a01badeb92e6cf49,8c44e89bb0724913aad4fd8f18eb8ecd,Earn,132,
330534429e2d49b3b3cd2bf9432e4690,777a81487ff44b52962e1a0bd72b81d1,Earn,19,
3c3d81bf0a9e4478854eec9ffecccc0c,777a81487ff44b52962e1a0bd72b81d1,Redeem,-19,2f139341d67e46459ed1afc27e2c2351
26be444339964c6dba4c7eb74a5b93cc,23079c07c3f94850bdbca819b8094af2,Earn,157,
76ea4b7f143e444eabd58cb7f2799a76,23079c07c3f94850bdbca819b8094af2,Redeem,-157,399c14dfd8c946d89abd174078309d7d
c4d1d7e6904c4085bbf3f84c733c41b9,508e1b5bd9464aa5bfc9a387dd3f82d2,Earn,149,
9081b2eccced45fc8300cee548a67bb9,5299ce4ad1c2415193887628f1740cba,Earn,25,
e63f6f5abedc4b488e657f727e0508a4,5299ce4ad1c2415193887628f1740cba,Redeem,-25,8d87ff0d8dc14a6a8838ba05050edceb
c239b5c473e346a0829fac3521f8b73f,a6937b90e4ea47388ef717bfab19d802,Earn,108,
85aebfcde4344727a8fbb07e0f9fdcf8,0d2aa37499d449ca925f74721ae34275,Earn,62,
5634305e6efe45d8902f60d53a1442d4,0d2aa37499d449ca925f74721ae34275,Redeem,-62,33fb05eda1a64a45adffa8521b7911f9
815100c0541344629e32e46fdfce5bd2,713b4fae43624ba09ab574e1d7f3ae09,Earn,35,
13dd05d52fe44689a75908d45051e66f,e608e753d88d4f82929c8d275fba7635,Earn,19,
6578995688c94a74b8f165283bd898ca,e608e753d88d4f82929c8d275fba7635,Redeem,-19,489cf229c6b34b748c961f5df3a71548
7c59208392444f3f9757562ac11d498e,b8df6b1b918047089bac53d1344c08ea,Earn,60,
8cf647e88815409693d39f5aa516d45c,b8df6b1b918047089bac53d1344c08ea,Redeem,-60,7e8cef97b2b64e6f8efbcfc59b4ebb81
5f7031af18144f92ba4f0458607230b3,a2ae3ac3f5f0453da26d8ebb707a904f,Earn,163,
bb26d882ea724bfc9983a3b6c9cfa325,a2ae3ac3f5f0453da26d8ebb707a904f,Redeem,-163,f29d888590644397b3f08fed99989fb2
0343096b702c4637a2254c340cbcd12c,92b82dc0d4dd4c7abf2615b449a93a77,Earn,41,
dba7602a3dfc4cb7a52b4af9ea5adbbf,92b82dc0d4dd4c7abf2615b449a93a77,Redeem,-41,f5664767f345440f9d1c0c2aea1206d1
2155700ed0bd41f5ae57abbb110b3875,17de0d122180497b8025013348c19e6d,Earn,82,
edc3f88b5b7147ff8190eeba0e4ef985,a96c670b28874fabad425b75be7aa93a,Earn,12,
b2018e61f3774e998e1e6407c31ee7c0,a96c670b28874fabad425b75be7aa93a,Redeem,-12,2613bbd083834fc6a03016807b598cc4
84506a69da704048b38fe50c9af20524,a2c5afc67dd64628a33ef7b314a26bdb,Earn,62,
5e043b2d9b764406a3118d005efadc0e,a2c5afc67dd64628a33ef7b314a26bdb,Redeem,-62,2764c4f7369b44f291af5426f890b0e6
711db6f47cce458fb586bd5a34a82b81,229fc7f7b8284cbb823cac79e061e30e,Earn,145,
361a1bb1be724b0e9b3fa6ff83f96940,229fc7f7b8284cbb823cac79e061e30e,Redeem,-145,756be2ed65d443f7857d8ff3d069da31
d89b71bcc9014effb9f13ca75ad4588f,f76ca5171f3740d0880dd2c7aadafbed,Earn,91,
699b42ce29de4146b21918d437ff1815,18bdca2537654147bcd5522d1a8f011c,Earn,36,
d1033fc91607410bad87cc62af4c0b3e,18bdca2537654147bcd5522d1a8f011c,Redeem,-36,ba4659ccf0234103b7e0dd4c3b584cf1
c9c588a8d160472a8edfae59c8438a27,46ab4ed8a40745159ad29b9c73fb10b1,Earn,43,
2fcc609eb4b640d69cbd8c2c03a24349,46ab4ed8a40745159ad29b9c73fb10b1,Redeem,-43,4b204466fae8476d96e62bcb13bc0e30
41d35a760fdd454b8535c4b6469724c7,a682bf185a774e348fd23c072b90bac8,Earn,26,
8173f3510fe340ce88f82cf619eee553,03e9eacdd01b4e18965e8fd1a5fc7547,Earn,109,
ae3191a58c3644e9942bf1fe432035de,03e9eacdd01b4e18965e8fd1a5fc7547,Redeem,-109,a65a251be62649d3a82eb0610121aa89
feb2b7d3a1804dd7b3b91a7bf9960c9d,041fb28d24a84504926818f597107bd4,Earn,66,
e685e34edf224aec8b1cdb62d3438c09,71d77bc1bb1d491fb14790eb95983f0f,Earn,18,
d635a9780267413090ce0b5b25d67111,838d533d29c94ddb9cd7be8792169b62,Earn,47,
3b90e3d5703747a3b4ae60ec58ce9998,838d533d29c94ddb9cd7be8792169b62,Redeem,-47,41b5edce125040ae91f67bf80a40fd8c
3d5c3328ff984aaa91b76d12f5f22a7b,146f962b430e4978b049e0976de59c80,Earn,152,
9860dc093b2d4dec89eca86859717463,e8dabd54839d4609a6f3a3ad826b7b2a,Earn,87,
5415002d8b154d21b70d9e245e5164aa,e8dabd54839d4609a6f3a3ad826b7b2a,Redeem,-87,5e8ce7e8c2564f6ea24fee6ab80b47c3
9db31b98d67b402c95ac4e97fcc7efe2,def393251ddc450a8043a52c2444f496,Earn,69,
9b231ebbe19c4e71815df9bc1616e3ce,def393251ddc450a8043a52c2444f496,Redeem,-69,3e001a1a588d4d0eb8650501e7bf5232
539ef611a94f42309d2001b5e037f421,c8610674141148a18962570556567b9d,Earn,184,
8a86051cfd414e7aa5c90c083f33829c,5659ef207ae14266b2a05b2420d789de,Earn,32,
a40465cedf4b4296ad723c3f3fdba7bc,3b2a44ed8c0149a1b23725fe04d55732,Earn,117,
7cd2bdb4587a4ee288ee2bdc657c3ebd,785b216c7c794bfba7d3fdc2967ef14d,Earn,25,
1d80ca81ace4464680cbc0bc5d789526,785b216c7c794bfba7d3fdc2967ef14d,Redeem,-25,38232b20850d4e8d91abda3f1a274be4
23d13655f86442bea2255ddd29c2cb2b,9a8e04b6d48e434ea8578a524412b98e,Earn,71,
75236f7479e049cfa63f713bf5d6b6ac,5ad384af0b144543916cff7dd0c111e7,Earn,93,
2594bce35ee941ec9981b9357bb34f76,5ad384af0b144543916cff7dd0c111e7,Redeem,-93,ccb28de03f794637ab184a78e4128188
04d128c7e75e44748dba7c429bc19e5c,3129e2375b6d4691b10b6707d4455b3f,Earn,180,
8aca1880d2df4de0bef8a6d327401df6,62c53ca3c9dd4d998b7b9d7528b0deb3,Earn,68,
9fa3ca15b61c4304b8b8563262d4b3cc,62c53ca3c9dd4d998b7b9d7528b0deb3,Redeem,-68,e1608277a8d54f719ee90ad7ee37fef8
cf3bdc0597e947798c019dc75ec3252a,50e0b6af4b5f459c80743d394cce3bc9,Earn,39,
f21c7a25b38e47e69604c1a88e339f13,1f081a42a7e04425ac1cbdae84468451,Earn,139,
067301e9f7b64403ba753607be5b0796,1f081a42a7e04425ac1cbdae84468451,Redeem,-139,97c9f6fae6024e48b4dd36cbf8634a6e
eeefbccacb2d4ceaba8f4b9ebff03441,92831972cc40446590f798a8f2c6e43e,Earn,59,
2da0a335f9904e0697abd22860daef1c,92831972cc40446590f798a8f2c6e43e,Redeem,-59,580d8d62bd1a4a538a052b7ad38a3eef
3462ed36eff643378b4182d18727f146,f1db9ab5fe054e8d83272d19cbd944fd,Earn,154,
fa03becec986447aa70d901d9b3003f3,f1db9ab5fe054e8d83272d19cbd944fd,Redeem,-154,803efb1291a94d388b55576e758e63ea
24cf00d48e804a3aa4ee3143f1ecfaed,aec2a3a2706745bbafb779ba2a9cd850,Earn,101,
a00b0543ab264a27aee5c6a87f3f19bd,aec2a3a2706745bbafb779ba2a9cd850,Redeem,-101,37a7cc11e0724ea783a0f4435fff428a
496e123976484875bb4ada935ec7a791,1a597002c2aa46c5a8dd50e3ff9311b7,Earn,17,
6ceb99801864491894e3f73d8010991d,1a597002c2aa46c5a8dd50e3ff9311b7,Redeem,-17,9ab00499e8014df599481dc33f0895c4
34bf7489af1d436583ddc13f4c6ae16e,ef118751064543e992d8511254cc3520,Earn,61,
